#CODE;ENGLISH;FRENCH;GERMAN;SPANISH;;;;;;;;;x

#kouvos titles;;;;;;;;;;;;;;;;;;;;;;;;;;;;;
baron_kouvos;Varónos;;;;;;;;;;;;;x
baron_female_kouvos;Varóni;;;;;;;;;;;;;x
baron_title_ruler_consort_kouvos;Varóni;;;;;;;;;;;;;x
baron_title_ruler_consort_female_kouvos;Varónos;;;;;;;;;;;;;x
barony_of_kouvos;Varoneía tou;;;;;;;;;;;;;x
count_kouvos;Kómis;;;;;;;;;;;;;x
count_female_kouvos;Kómissa;;;;;;;;;;;;;x
count_title_ruler_consort_kouvos;Kómissa;;;;;;;;;;;;;x
count_title_ruler_consort_female_kouvos;Kómis;;;;;;;;;;;;;x
county_of_kouvos;Komiteía tou;;;;;;;;;;;;;x
duke_kouvos;Doúkas;;;;;;;;;;;;;x
duke_female_kouvos;Doúkissa;;;;;;;;;;;;;x
duke_title_ruler_consort_kouvos;Doúkisaa;;;;;;;;;;;;;x
duke_title_ruler_consort_female_kouvos;Doúkas;;;;;;;;;;;;;x
duchy_of_kouvos;Doukáto tou;;;;;;;;;;;;;x
king_kouvos;Vasiliás;;;;;;;;;;;;;x
king_female_kouvos;Vasílissa;;;;;;;;;;;;;x
king_title_consort_kouvos;Vasílissa;;;;;;;;;;;;;x
king_title_consort_female_kouvos;Vasíliás;;;;;;;;;;;;;x
kingdom_of_kouvos;Vasíleio tou;;;;;;;;;;;;;x
emperor_kouvos;Aftokrátoras;;;;;;;;;;;;;x
emperor_female_kouvos;Aftokráteira;;;;;;;;;;;;;x
emperor_title_consort_kouvos;Aftokráteira;;;;;;;;;;;;;x
emperor_title_consort_female_kouvos;Aftokrátoras;;;;;;;;;;;;;x
empire_of_kouvos;Aftokratoría tou;;;;;;;;;;;;;x
title_prince_kouvos;Prígkipas;;;;;;;;;;;;;x
title_prince_female_kouvos;Vasilopoúla;;;;;;;;;;;;;x
city_baron_kouvos;Dímarchos;;;;;;;;;;;;;x
city_count_kouvos;Dímarchos;;;;;;;;;;;;;x
city_duke_kouvos;Perifereiárchis;;;;;;;;;;;;;x
city_king_kouvos;Próedros;;;;;;;;;;;;;x
city_barony_of_kouvos;Póli tou;;;;;;;;;;;;;x
city_county_of_kouvos;Póli tou;;;;;;;;;;;;;x
city_duchy_of_kouvos;Dimokratía tou;;;;;;;;;;;;;x
city_kingdom_of_kouvos;Galínios Dimokratía tou;;;;;;;;;;;;;x
tribal_baron_kouvos;Archigós;;;;;;;;;;;;;x
tribal_count_kouvos;Oplarchigós;;;;;;;;;;;;;x
tribal_duke_kouvos;Mégas Oplarchigós;;;;;;;;;;;;;x
tribal_king_kouvos;Vasiliás;;;;;;;;;;;;;x
tribal_emperor_kouvos;Aftokrátoras;;;;;;;;;;;;;x
tribal_baron_female_kouvos;Oplarchigós;;;;;;;;;;;;;x
tribal_count_female_kouvos;Oplarchigós;;;;;;;;;;;;;x
tribal_duke_female_kouvos;Mégas Oplarchigós;;;;;;;;;;;;;x
tribal_king_female_kouvos;Vasílissa;;;;;;;;;;;;;x
tribal_emperor_female_kouvos;Aftokráteira;;;;;;;;;;;;;x
tribal_barony_of_kouvos;Chorió tou;;;;;;;;;;;;;x
tribal_county_of_kouvos;Chorió tou;;;;;;;;;;;;;x
tribal_duchy_of_kouvos;Megálo Fýlo;;;;;;;;;;;;;x
tribal_kingdom_of_kouvos;Vasíleio tou;;;;;;;;;;;;;x
tribal_empire_of_kouvos;Aftokratoría tou;;;;;;;;;;;;;x

#skouroi titles;;;;;;;;;;;;;;;;;;;;;;;;;;;;;
baron_skouroi;Varónos;;;;;;;;;;;;;x
baron_female_skouroi;Varóni;;;;;;;;;;;;;x
baron_title_ruler_consort_skouroi;Varóni;;;;;;;;;;;;;x
baron_title_ruler_consort_female_skouroi;Varónos;;;;;;;;;;;;;x
barony_of_skouroi;Varoneía tou;;;;;;;;;;;;;x
count_skouroi;Kómis;;;;;;;;;;;;;x
count_female_skouroi;Kómissa;;;;;;;;;;;;;x
count_title_ruler_consort_skouroi;Kómissa;;;;;;;;;;;;;x
count_title_ruler_consort_female_skouroi;Kómis;;;;;;;;;;;;;x
county_of_skouroi;Komiteía tou;;;;;;;;;;;;;x
duke_skouroi;Doúkas;;;;;;;;;;;;;x
duke_female_skouroi;Doúkissa;;;;;;;;;;;;;x
duke_title_ruler_consort_skouroi;Doúkisaa;;;;;;;;;;;;;x
duke_title_ruler_consort_female_skouroi;Doúkas;;;;;;;;;;;;;x
duchy_of_skouroi;Doukáto tou;;;;;;;;;;;;;x
king_skouroi;Vasiliás;;;;;;;;;;;;;x
king_female_skouroi;Vasílissa;;;;;;;;;;;;;x
king_title_consort_skouroi;Vasílissa;;;;;;;;;;;;;x
king_title_consort_female_skouroi;Vasíliás;;;;;;;;;;;;;x
kingdom_of_skouroi;Vasíleio tou;;;;;;;;;;;;;x
emperor_skouroi;Aftokrátoras;;;;;;;;;;;;;x
emperor_female_skouroi;Aftokráteira;;;;;;;;;;;;;x
emperor_title_consort_skouroi;Aftokráteira;;;;;;;;;;;;;x
emperor_title_consort_female_skouroi;Aftokrátoras;;;;;;;;;;;;;x
empire_of_skouroi;Aftokratoría tou;;;;;;;;;;;;;x
title_prince_skouroi;Prígkipas;;;;;;;;;;;;;x
title_prince_female_skouroi;Vasilopoúla;;;;;;;;;;;;;x
city_baron_skouroi;Dímarchos;;;;;;;;;;;;;x
city_count_skouroi;Dímarchos;;;;;;;;;;;;;x
city_duke_skouroi;Perifereiárchis;;;;;;;;;;;;;x
city_king_skouroi;Próedros;;;;;;;;;;;;;x
city_barony_of_skouroi;Póli tou;;;;;;;;;;;;;x
city_county_of_skouroi;Póli tou;;;;;;;;;;;;;x
city_duchy_of_skouroi;Dimokratía tou;;;;;;;;;;;;;x
city_kingdom_of_skouroi;Galínios Dimokratía tou;;;;;;;;;;;;;x
tribal_baron_skouroi;Oplarchigós;;;;;;;;;;;;;x
tribal_count_skouroi;Oplarchigós;;;;;;;;;;;;;x
tribal_duke_skouroi;Mégas Oplarchigós;;;;;;;;;;;;;x
tribal_king_skouroi;Vasiliás;;;;;;;;;;;;;x
tribal_emperor_skouroi;Aftokrátoras;;;;;;;;;;;;;x
tribal_baron_female_skouroi;Oplarchigós;;;;;;;;;;;;;x
tribal_count_female_skouroi;Oplarchigós;;;;;;;;;;;;;x
tribal_duke_female_skouroi;Mégas Oplarchigós;;;;;;;;;;;;;x
tribal_king_female_skouroi;Vasílissa;;;;;;;;;;;;;x
tribal_emperor_female_skouroi;Aftokráteira;;;;;;;;;;;;;x
tribal_barony_of_skouroi;Chorió tou;;;;;;;;;;;;;x
tribal_county_of_skouroi;Chorió tou;;;;;;;;;;;;;x
tribal_duchy_of_skouroi;Megálo Fýlo;;;;;;;;;;;;;x
tribal_kingdom_of_skouroi;Vasíleio tou;;;;;;;;;;;;;x
tribal_empire_of_skouroi;Aftokratoría tou;;;;;;;;;;;;;x

#atomoi titles;;;;;;;;;;;;;;;;;;;;;;;;;;;;;
baron_atomoi;Varónos;;;;;;;;;;;;;x
baron_female_atomoi;Varóni;;;;;;;;;;;;;x
baron_title_ruler_consort_atomoi;Varóni;;;;;;;;;;;;;x
baron_title_ruler_consort_female_atomoi;Varónos;;;;;;;;;;;;;x
barony_of_atomoi;Varoneía tou;;;;;;;;;;;;;x
count_atomoi;Kómis;;;;;;;;;;;;;x
count_female_atomoi;Kómissa;;;;;;;;;;;;;x
count_title_ruler_consort_atomoi;Kómissa;;;;;;;;;;;;;x
count_title_ruler_consort_female_atomoi;Kómis;;;;;;;;;;;;;x
county_of_atomoi;Komiteía tou;;;;;;;;;;;;;x
duke_atomoi;Doúkas;;;;;;;;;;;;;x
duke_female_atomoi;Doúkissa;;;;;;;;;;;;;x
duke_title_ruler_consort_atomoi;Doúkisaa;;;;;;;;;;;;;x
duke_title_ruler_consort_female_atomoi;Doúkas;;;;;;;;;;;;;x
duchy_of_atomoi;Doukáto tou;;;;;;;;;;;;;x
king_atomoi;Vasiliás;;;;;;;;;;;;;x
king_female_atomoi;Vasílissa;;;;;;;;;;;;;x
king_title_consort_atomoi;Vasílissa;;;;;;;;;;;;;x
king_title_consort_female_atomoi;Vasíliás;;;;;;;;;;;;;x
kingdom_of_atomoi;Vasíleio tou;;;;;;;;;;;;;x
emperor_atomoi;Aftokrátoras;;;;;;;;;;;;;x
emperor_female_atomoi;Aftokráteira;;;;;;;;;;;;;x
emperor_title_consort_atomoi;Aftokráteira;;;;;;;;;;;;;x
emperor_title_consort_female_atomoi;Aftokrátoras;;;;;;;;;;;;;x
empire_of_atomoi;Aftokratoría tou;;;;;;;;;;;;;x
title_prince_atomoi;Prígkipas;;;;;;;;;;;;;x
title_prince_female_atomoi;Vasilopoúla;;;;;;;;;;;;;x
city_baron_atomoi;Dímarchos;;;;;;;;;;;;;x
city_count_atomoi;Dímarchos;;;;;;;;;;;;;x
city_duke_atomoi;Perifereiárchis;;;;;;;;;;;;;x
city_king_atomoi;Próedros;;;;;;;;;;;;;x
city_barony_of_atomoi;Póli tou;;;;;;;;;;;;;x
city_county_of_atomoi;Póli tou;;;;;;;;;;;;;x
city_duchy_of_atomoi;Dimokratía tou;;;;;;;;;;;;;x
city_kingdom_of_atomoi;Galínios Dimokratía tou;;;;;;;;;;;;;x
tribal_baron_atomoi;Oplarchigós;;;;;;;;;;;;;x
tribal_count_atomoi;Oplarchigós;;;;;;;;;;;;;x
tribal_duke_atomoi;Mégas Oplarchigós;;;;;;;;;;;;;x
tribal_king_atomoi;Vasiliás;;;;;;;;;;;;;x
tribal_emperor_atomoi;Aftokrátoras;;;;;;;;;;;;;x
tribal_baron_female_atomoi;Oplarchigós;;;;;;;;;;;;;x
tribal_count_female_atomoi;Oplarchigós;;;;;;;;;;;;;x
tribal_duke_female_atomoi;Mégas Oplarchigós;;;;;;;;;;;;;x
tribal_king_female_atomoi;Vasílissa;;;;;;;;;;;;;x
tribal_emperor_female_atomoi;Aftokráteira;;;;;;;;;;;;;x
tribal_barony_of_atomoi;Chorió tou;;;;;;;;;;;;;x
tribal_county_of_atomoi;Chorió tou;;;;;;;;;;;;;x
tribal_duchy_of_atomoi;Megálo Fýlo;;;;;;;;;;;;;x
tribal_kingdom_of_atomoi;Vasíleio tou;;;;;;;;;;;;;x
tribal_empire_of_atomoi;Aftokratoría tou;;;;;;;;;;;;;x

#kempekoi titles;;;;;;;;;;;;;;;;;;;;;;;;;;;;;
baron_kempekoi;Varónos;;;;;;;;;;;;;x
baron_female_kempekoi;Varóni;;;;;;;;;;;;;x
baron_title_ruler_consort_kempekoi;Varóni;;;;;;;;;;;;;x
baron_title_ruler_consort_female_kempekoi;Varónos;;;;;;;;;;;;;x
barony_of_kempekoi;Varoneía tou;;;;;;;;;;;;;x
count_kempekoi;Kómis;;;;;;;;;;;;;x
count_female_kempekoi;Kómissa;;;;;;;;;;;;;x
count_title_ruler_consort_kempekoi;Kómissa;;;;;;;;;;;;;x
count_title_ruler_consort_female_kempekoi;Kómis;;;;;;;;;;;;;x
county_of_kempekoi;Komiteía tou;;;;;;;;;;;;;x
duke_kempekoi;Doúkas;;;;;;;;;;;;;x
duke_female_kempekoi;Doúkissa;;;;;;;;;;;;;x
duke_title_ruler_consort_kempekoi;Doúkisaa;;;;;;;;;;;;;x
duke_title_ruler_consort_female_kempekoi;Doúkas;;;;;;;;;;;;;x
duchy_of_kempekoi;Doukáto tou;;;;;;;;;;;;;x
king_kempekoi;Vasiliás;;;;;;;;;;;;;x
king_female_kempekoi;Vasílissa;;;;;;;;;;;;;x
king_title_consort_kempekoi;Vasílissa;;;;;;;;;;;;;x
king_title_consort_female_kempekoi;Vasíliás;;;;;;;;;;;;;x
kingdom_of_kempekoi;Vasíleio tou;;;;;;;;;;;;;x
emperor_kempekoi;Aftokrátoras;;;;;;;;;;;;;x
emperor_female_kempekoi;Aftokráteira;;;;;;;;;;;;;x
emperor_title_consort_kempekoi;Aftokráteira;;;;;;;;;;;;;x
emperor_title_consort_female_kempekoi;Aftokrátoras;;;;;;;;;;;;;x
empire_of_kempekoi;Aftokratoría tou;;;;;;;;;;;;;x
title_prince_kempekoi;Prígkipas;;;;;;;;;;;;;x
title_prince_female_kempekoi;Vasilopoúla;;;;;;;;;;;;;x
city_baron_kempekoi;Dímarchos;;;;;;;;;;;;;x
city_count_kempekoi;Dímarchos;;;;;;;;;;;;;x
city_duke_kempekoi;Perifereiárchis;;;;;;;;;;;;;x
city_king_kempekoi;Próedros;;;;;;;;;;;;;x
city_barony_of_kempekoi;Póli tou;;;;;;;;;;;;;x
city_county_of_kempekoi;Póli tou;;;;;;;;;;;;;x
city_duchy_of_kempekoi;Dimokratía tou;;;;;;;;;;;;;x
city_kingdom_of_kempekoi;Galínios Dimokratía tou;;;;;;;;;;;;;x
tribal_baron_kempekoi;Oplarchigós;;;;;;;;;;;;;x
tribal_count_kempekoi;Oplarchigós;;;;;;;;;;;;;x
tribal_duke_kempekoi;Mégas Oplarchigós;;;;;;;;;;;;;x
tribal_king_kempekoi;Vasiliás;;;;;;;;;;;;;x
tribal_emperor_kempekoi;Aftokrátoras;;;;;;;;;;;;;x
tribal_baron_female_kempekoi;Oplarchigós;;;;;;;;;;;;;x
tribal_count_female_kempekoi;Oplarchigós;;;;;;;;;;;;;x
tribal_duke_female_kempekoi;Mégas Oplarchigós;;;;;;;;;;;;;x
tribal_king_female_kempekoi;Vasílissa;;;;;;;;;;;;;x
tribal_emperor_female_kempekoi;Aftokráteira;;;;;;;;;;;;;x
tribal_barony_of_kempekoi;Chorió tou;;;;;;;;;;;;;x
tribal_county_of_kempekoi;Chorió tou;;;;;;;;;;;;;x
tribal_duchy_of_kempekoi;Megálo Fýlo;;;;;;;;;;;;;x
tribal_kingdom_of_kempekoi;Vasíleio tou;;;;;;;;;;;;;x
tribal_empire_of_kempekoi;Aftokratoría tou;;;;;;;;;;;;;x
oligarchic_republic_baron_kempekoi;Dímarchos;;;;;;;;;;;;;
oligarchic_republic_baron_female_kempekoi;Dimarchína;;;;;;;;;;;;;
oligarchic_republic_count_kempekoi;Nomárchis;;;;;;;;;;;;;
oligarchic_republic_count_female_kempekoi;Nomárchissa;;;;;;;;;;;;;
oligarchic_republic_duke_kempekoi;Perifereiárchis;;;;;;;;;;;;;
oligarchic_republic_duke_female_kempekoi;Perifereiárchissa;;;;;;;;;;;;;
oligarchic_republic_king_kempekoi;Próedros;;;;;;;;;;;;;
oligarchic_republic_king_female_kempekoi;Proedrína;;;;;;;;;;;;;
oligarchic_republic_emperor_kempekoi;Mégas Próedros;;;;;;;;;;;;;
oligarchic_republic_emperor_female_kempekoi;Megáli Proedrína;;;;;;;;;;;;;
oligarchic_republic_barony_of_kempekoi;Póli tou;;;;;;;;;;;;;
oligarchic_republic_county_of_kempekoi;Nomós tou;;;;;;;;;;;;;
oligarchic_republic_duchy_of_kempekoi;Periféria tou;;;;;;;;;;;;;
oligarchic_republic_kingdom_of_kempekoi;Dimokratía tou;;;;;;;;;;;;;
oligarchic_republic_empire_of_kempekoi;Megáli Dimokratía tou;;;;;;;;;;;;;
confederacy_king_kempekoi;Epikefalís;;;;;;;;;;;;;
confederacy_king_female_kempekoi;Epikefalís;;;;;;;;;;;;;
confederacy_emperor_kempekoi;Igétis;;;;;;;;;;;;;
confederacy_emperor_female_kempekoi;Igétida;;;;;;;;;;;;;
confederacy_kingdom_kempekoi;Symmachía tou;;;;;;;;;;;;;
confederacy_empire_kempekoi;Megáli Symmachía tou;;;;;;;;;;;;;

#intianoi titles;;;;;;;;;;;;;;;;;;;;;;;;;;;;;
baron_intianoi;Varónos;;;;;;;;;;;;;x
baron_female_intianoi;Varóni;;;;;;;;;;;;;x
baron_title_ruler_consort_intianoi;Varóni;;;;;;;;;;;;;x
baron_title_ruler_consort_female_intianoi;Varónos;;;;;;;;;;;;;x
barony_of_intianoi;Varoneía tou;;;;;;;;;;;;;x
count_intianoi;Kómis;;;;;;;;;;;;;x
count_female_intianoi;Kómissa;;;;;;;;;;;;;x
count_title_ruler_consort_intianoi;Kómissa;;;;;;;;;;;;;x
count_title_ruler_consort_female_intianoi;Kómis;;;;;;;;;;;;;x
county_of_intianoi;Komiteía tou;;;;;;;;;;;;;x
duke_intianoi;Doúkas;;;;;;;;;;;;;x
duke_female_intianoi;Doúkissa;;;;;;;;;;;;;x
duke_title_ruler_consort_intianoi;Doúkisaa;;;;;;;;;;;;;x
duke_title_ruler_consort_female_intianoi;Doúkas;;;;;;;;;;;;;x
duchy_of_intianoi;Doukáto tou;;;;;;;;;;;;;x
king_intianoi;Vasiliás;;;;;;;;;;;;;x
king_female_intianoi;Vasílissa;;;;;;;;;;;;;x
king_title_consort_intianoi;Vasílissa;;;;;;;;;;;;;x
king_title_consort_female_intianoi;Vasíliás;;;;;;;;;;;;;x
kingdom_of_intianoi;Vasíleio tou;;;;;;;;;;;;;x
emperor_intianoi;Aftokrátoras;;;;;;;;;;;;;x
emperor_female_intianoi;Aftokráteira;;;;;;;;;;;;;x
emperor_title_consort_intianoi;Aftokráteira;;;;;;;;;;;;;x
emperor_title_consort_female_intianoi;Aftokrátoras;;;;;;;;;;;;;x
empire_of_intianoi;Aftokratoría tou;;;;;;;;;;;;;x
title_prince_intianoi;Prígkipas;;;;;;;;;;;;;x
title_prince_female_intianoi;Vasilopoúla;;;;;;;;;;;;;x
city_baron_intianoi;Dímarchos;;;;;;;;;;;;;x
city_count_intianoi;Dímarchos;;;;;;;;;;;;;x
city_duke_intianoi;Perifereiárchis;;;;;;;;;;;;;x
city_king_intianoi;Próedros;;;;;;;;;;;;;x
city_barony_of_intianoi;Póli tou;;;;;;;;;;;;;x
city_county_of_intianoi;Póli tou;;;;;;;;;;;;;x
city_duchy_of_intianoi;Dimokratía tou;;;;;;;;;;;;;x
city_kingdom_of_intianoi;Galínios Dimokratía tou;;;;;;;;;;;;;x
tribal_baron_intianoi;Oplarchigós;;;;;;;;;;;;;x
tribal_count_intianoi;Oplarchigós;;;;;;;;;;;;;x
tribal_duke_intianoi;Mégas Oplarchigós;;;;;;;;;;;;;x
tribal_king_intianoi;Vasiliás;;;;;;;;;;;;;x
tribal_emperor_intianoi;Aftokrátoras;;;;;;;;;;;;;x
tribal_baron_female_intianoi;Oplarchigós;;;;;;;;;;;;;x
tribal_count_female_intianoi;Oplarchigós;;;;;;;;;;;;;x
tribal_duke_female_intianoi;Mégas Oplarchigós;;;;;;;;;;;;;x
tribal_king_female_intianoi;Vasílissa;;;;;;;;;;;;;x
tribal_emperor_female_intianoi;Aftokráteira;;;;;;;;;;;;;x
tribal_barony_of_intianoi;Chorió tou;;;;;;;;;;;;;x
tribal_county_of_intianoi;Chorió tou;;;;;;;;;;;;;x
tribal_duchy_of_intianoi;Megálo Fýlo;;;;;;;;;;;;;x
tribal_kingdom_of_intianoi;Vasíleio tou;;;;;;;;;;;;;x
tribal_empire_of_intianoi;Aftokratoría tou;;;;;;;;;;;;;x
oligarchic_republic_baron_intianoi;Dímarchos;;;;;;;;;;;;;
oligarchic_republic_baron_female_intianoi;Dimarchína;;;;;;;;;;;;;
oligarchic_republic_count_intianoi;Nomárchis;;;;;;;;;;;;;
oligarchic_republic_count_female_intianoi;Nomárchissa;;;;;;;;;;;;;
oligarchic_republic_duke_intianoi;Perifereiárchis;;;;;;;;;;;;;
oligarchic_republic_duke_female_intianoi;Perifereiárchissa;;;;;;;;;;;;;
oligarchic_republic_king_intianoi;Próedros;;;;;;;;;;;;;
oligarchic_republic_king_female_intianoi;Proedrína;;;;;;;;;;;;;
oligarchic_republic_emperor_intianoi;Mégas Próedros;;;;;;;;;;;;;
oligarchic_republic_emperor_female_intianoi;Megáli Proedrína;;;;;;;;;;;;;
oligarchic_republic_barony_of_intianoi;Póli tou;;;;;;;;;;;;;
oligarchic_republic_county_of_intianoi;Nomós tou;;;;;;;;;;;;;
oligarchic_republic_duchy_of_intianoi;Periféria tou;;;;;;;;;;;;;
oligarchic_republic_kingdom_of_intianoi;Dimokratía tou;;;;;;;;;;;;;
oligarchic_republic_empire_of_intianoi;Megáli Dimokratía tou;;;;;;;;;;;;;
confederacy_king_intianoi;Epikefalís;;;;;;;;;;;;;
confederacy_king_female_intianoi;Epikefalís;;;;;;;;;;;;;
confederacy_emperor_intianoi;Igétis;;;;;;;;;;;;;
confederacy_emperor_female_intianoi;Igétida;;;;;;;;;;;;;
confederacy_kingdom_intianoi;Symmachía tou;;;;;;;;;;;;;
confederacy_empire_intianoi;Megáli Symmachía tou;;;;;;;;;;;;;

#kolorantoi titles;;;;;;;;;;;;;;;;;;;;;;;;;;;;;
baron_kolorantoi;Varónos;;;;;;;;;;;;;x
baron_female_kolorantoi;Varóni;;;;;;;;;;;;;x
baron_title_ruler_consort_kolorantoi;Varóni;;;;;;;;;;;;;x
baron_title_ruler_consort_female_kolorantoi;Varónos;;;;;;;;;;;;;x
barony_of_kolorantoi;Varoneía tou;;;;;;;;;;;;;x
count_kolorantoi;Kómis;;;;;;;;;;;;;x
count_female_kolorantoi;Kómissa;;;;;;;;;;;;;x
count_title_ruler_consort_kolorantoi;Kómissa;;;;;;;;;;;;;x
count_title_ruler_consort_female_kolorantoi;Kómis;;;;;;;;;;;;;x
county_of_kolorantoi;Komiteía tou;;;;;;;;;;;;;x
duke_kolorantoi;Doúkas;;;;;;;;;;;;;x
duke_female_kolorantoi;Doúkissa;;;;;;;;;;;;;x
duke_title_ruler_consort_kolorantoi;Doúkissa;;;;;;;;;;;;;x
duke_title_ruler_consort_female_kolorantoi;Doúkas;;;;;;;;;;;;;x
duchy_of_kolorantoi;Doukáto tou;;;;;;;;;;;;;x
king_kolorantoi;Vasiliás;;;;;;;;;;;;;x
king_female_kolorantoi;Vasílissa;;;;;;;;;;;;;x
king_title_consort_kolorantoi;Vasílissa;;;;;;;;;;;;;x
king_title_consort_female_kolorantoi;Vasíliás;;;;;;;;;;;;;x
kingdom_of_kolorantoi;Vasíleio tou;;;;;;;;;;;;;x
emperor_kolorantoi;Aftokrátoras;;;;;;;;;;;;;x
emperor_female_kolorantoi;Aftokráteira;;;;;;;;;;;;;x
emperor_title_consort_kolorantoi;Aftokráteira;;;;;;;;;;;;;x
emperor_title_consort_female_kolorantoi;Aftokrátoras;;;;;;;;;;;;;x
empire_of_kolorantoi;Aftokratoría tou;;;;;;;;;;;;;x
title_prince_kolorantoi;Prígkipas;;;;;;;;;;;;;x
title_prince_female_kolorantoi;Vasilopoúla;;;;;;;;;;;;;x
city_baron_kolorantoi;Dímarchos;;;;;;;;;;;;;x
city_count_kolorantoi;Dímarchos;;;;;;;;;;;;;x
city_duke_kolorantoi;Perifereiárchis;;;;;;;;;;;;;x
city_king_kolorantoi;Próedros;;;;;;;;;;;;;x
city_emperor_kolorantoi;Mégas Próedros;;;;;;;;;;;;;x
city_barony_of_kolorantoi;Póli tou;;;;;;;;;;;;;x
city_county_of_kolorantoi;Nomós tou;;;;;;;;;;;;;x
city_duchy_of_kolorantoi;Periféria tou;;;;;;;;;;;;;x
city_kingdom_of_kolorantoi;Dimokratía tou;;;;;;;;;;;;;x
tribal_baron_kolorantoi;Archigós;;;;;;;;;;;;;x
tribal_count_kolorantoi;Oplarchigós;;;;;;;;;;;;;x
tribal_duke_kolorantoi;Mégas Oplarchigós;;;;;;;;;;;;;x
tribal_king_kolorantoi;Vasiliás;;;;;;;;;;;;;x
tribal_emperor_kolorantoi;Aftokrátoras;;;;;;;;;;;;;x
tribal_baron_female_kolorantoi;Archigína;;;;;;;;;;;;;x
tribal_count_female_kolorantoi;Oplarchigína;;;;;;;;;;;;;x
tribal_duke_female_kolorantoi;Megáli Oplarchigína;;;;;;;;;;;;;x
tribal_king_female_kolorantoi;Vasílissa;;;;;;;;;;;;;x
tribal_emperor_female_kolorantoi;Aftokráteira;;;;;;;;;;;;;x
tribal_barony_of_kolorantoi;Chorió tou;;;;;;;;;;;;;x
tribal_county_of_kolorantoi;Fýlo tou;;;;;;;;;;;;;x
tribal_duchy_of_kolorantoi;Megálo Fýlo;;;;;;;;;;;;;x
tribal_kingdom_of_kolorantoi;Vasíleio tou;;;;;;;;;;;;;x
tribal_empire_of_kolorantoi;Aftokratoría tou;;;;;;;;;;;;;x
oligarchic_republic_baron_kolorantoi;Dímarchos;;;;;;;;;;;;;
oligarchic_republic_baron_female_kolorantoi;Dimarchína;;;;;;;;;;;;;
oligarchic_republic_count_kolorantoi;Nomárchis;;;;;;;;;;;;;
oligarchic_republic_count_female_kolorantoi;Nomárchissa;;;;;;;;;;;;;
oligarchic_republic_duke_kolorantoi;Perifereiárchis;;;;;;;;;;;;;
oligarchic_republic_duke_female_kolorantoi;Perifereiárchissa;;;;;;;;;;;;;
oligarchic_republic_king_kolorantoi;Próedros;;;;;;;;;;;;;
oligarchic_republic_king_female_kolorantoi;Proedrína;;;;;;;;;;;;;
oligarchic_republic_emperor_kolorantoi;Mégas Próedros;;;;;;;;;;;;;
oligarchic_republic_emperor_female_kolorantoi;Megáli Proedrína;;;;;;;;;;;;;
oligarchic_republic_barony_of_kolorantoi;Póli tou;;;;;;;;;;;;;
oligarchic_republic_county_of_kolorantoi;Nomós tou;;;;;;;;;;;;;
oligarchic_republic_duchy_of_kolorantoi;Periféria tou;;;;;;;;;;;;;
oligarchic_republic_kingdom_of_kolorantoi;Dimokratía tou;;;;;;;;;;;;;
oligarchic_republic_empire_of_kolorantoi;Megáli Dimokratía tou;;;;;;;;;;;;;
confederacy_king_kolorantoi;Epikefalís;;;;;;;;;;;;;
confederacy_king_female_kolorantoi;Epikefalís;;;;;;;;;;;;;
confederacy_emperor_kolorantoi;Igétis;;;;;;;;;;;;;
confederacy_emperor_female_kolorantoi;Igétida;;;;;;;;;;;;;
confederacy_kingdom_kolorantoi;Symmachía tou;;;;;;;;;;;;;
confederacy_empire_kolorantoi;Megáli Symmachía tou;;;;;;;;;;;;;

#kanadoi titles;;;;;;;;;;;;;;;;;;;;;;;;;;;;;
baron_kanadoi;Varónos;;;;;;;;;;;;;x
baron_female_kanadoi;Varóni;;;;;;;;;;;;;x
baron_title_ruler_consort_kanadoi;Varóni;;;;;;;;;;;;;x
baron_title_ruler_consort_female_kanadoi;Varónos;;;;;;;;;;;;;x
barony_of_kanadoi;Varoneía tou;;;;;;;;;;;;;x
count_kanadoi;Kómis;;;;;;;;;;;;;x
count_female_kanadoi;Kómissa;;;;;;;;;;;;;x
count_title_ruler_consort_kanadoi;Kómissa;;;;;;;;;;;;;x
count_title_ruler_consort_female_kanadoi;Kómis;;;;;;;;;;;;;x
county_of_kanadoi;Komiteía tou;;;;;;;;;;;;;x
duke_kanadoi;Doúkas;;;;;;;;;;;;;x
duke_female_kanadoi;Doúkissa;;;;;;;;;;;;;x
duke_title_ruler_consort_kanadoi;Doúkisaa;;;;;;;;;;;;;x
duke_title_ruler_consort_female_kanadoi;Doúkas;;;;;;;;;;;;;x
duchy_of_kanadoi;Doukáto tou;;;;;;;;;;;;;x
king_kanadoi;Vasiliás;;;;;;;;;;;;;x
king_female_kanadoi;Vasílissa;;;;;;;;;;;;;x
king_title_consort_kanadoi;Vasílissa;;;;;;;;;;;;;x
king_title_consort_female_kanadoi;Vasíliás;;;;;;;;;;;;;x
kingdom_of_kanadoi;Vasíleio tou;;;;;;;;;;;;;x
emperor_kanadoi;Aftokrátoras;;;;;;;;;;;;;x
emperor_female_kanadoi;Aftokráteira;;;;;;;;;;;;;x
emperor_title_consort_kanadoi;Aftokráteira;;;;;;;;;;;;;x
emperor_title_consort_female_kanadoi;Aftokrátoras;;;;;;;;;;;;;x
empire_of_kanadoi;Aftokratoría tou;;;;;;;;;;;;;x
title_prince_kanadoi;Prígkipas;;;;;;;;;;;;;x
title_prince_female_kanadoi;Vasilopoúla;;;;;;;;;;;;;x
city_baron_kanadoi;Dímarchos;;;;;;;;;;;;;x
city_count_kanadoi;Dímarchos;;;;;;;;;;;;;x
city_duke_kanadoi;Perifereiárchis;;;;;;;;;;;;;x
city_king_kanadoi;Próedros;;;;;;;;;;;;;x
city_barony_of_kanadoi;Póli tou;;;;;;;;;;;;;x
city_county_of_kanadoi;Póli tou;;;;;;;;;;;;;x
city_duchy_of_kanadoi;Dimokratía tou;;;;;;;;;;;;;x
city_kingdom_of_kanadoi;Galínios Dimokratía tou;;;;;;;;;;;;;x
tribal_baron_kanadoi;Oplarchigós;;;;;;;;;;;;;x
tribal_count_kanadoi;Oplarchigós;;;;;;;;;;;;;x
tribal_duke_kanadoi;Mégas Oplarchigós;;;;;;;;;;;;;x
tribal_king_kanadoi;Vasiliás;;;;;;;;;;;;;x
tribal_emperor_kanadoi;Aftokrátoras;;;;;;;;;;;;;x
tribal_baron_female_kanadoi;Oplarchigós;;;;;;;;;;;;;x
tribal_count_female_kanadoi;Oplarchigós;;;;;;;;;;;;;x
tribal_duke_female_kanadoi;Mégas Oplarchigós;;;;;;;;;;;;;x
tribal_king_female_kanadoi;Vasílissa;;;;;;;;;;;;;x
tribal_emperor_female_kanadoi;Aftokráteira;;;;;;;;;;;;;x
tribal_barony_of_kanadoi;Chorió tou;;;;;;;;;;;;;x
tribal_county_of_kanadoi;Chorió tou;;;;;;;;;;;;;x
tribal_duchy_of_kanadoi;Megálo Fýlo;;;;;;;;;;;;;x
tribal_kingdom_of_kanadoi;Vasíleio tou;;;;;;;;;;;;;x
tribal_empire_of_kanadoi;Aftokratoría tou;;;;;;;;;;;;;x
oligarchic_republic_baron_kanadoi;Dímarchos;;;;;;;;;;;;;
oligarchic_republic_baron_female_kanadoi;Dimarchína;;;;;;;;;;;;;
oligarchic_republic_count_kanadoi;Nomárchis;;;;;;;;;;;;;
oligarchic_republic_count_female_kanadoi;Nomárchissa;;;;;;;;;;;;;
oligarchic_republic_duke_kanadoi;Perifereiárchis;;;;;;;;;;;;;
oligarchic_republic_duke_female_kanadoi;Perifereiárchissa;;;;;;;;;;;;;
oligarchic_republic_king_kanadoi;Próedros;;;;;;;;;;;;;
oligarchic_republic_king_female_kanadoi;Proedrína;;;;;;;;;;;;;
oligarchic_republic_emperor_kanadoi;Mégas Próedros;;;;;;;;;;;;;
oligarchic_republic_emperor_female_kanadoi;Megáli Proedrína;;;;;;;;;;;;;
oligarchic_republic_barony_of_kanadoi;Póli tou;;;;;;;;;;;;;
oligarchic_republic_county_of_kanadoi;Nomós tou;;;;;;;;;;;;;
oligarchic_republic_duchy_of_kanadoi;Periféria tou;;;;;;;;;;;;;
oligarchic_republic_kingdom_of_kanadoi;Dimokratía tou;;;;;;;;;;;;;
oligarchic_republic_empire_of_kanadoi;Megáli Dimokratía tou;;;;;;;;;;;;;
confederacy_king_kanadoi;Epikefalís;;;;;;;;;;;;;
confederacy_king_female_kanadoi;Epikefalís;;;;;;;;;;;;;
confederacy_emperor_kanadoi;Igétis;;;;;;;;;;;;;
confederacy_emperor_female_kanadoi;Igétida;;;;;;;;;;;;;
confederacy_kingdom_kanadoi;Symmachía tou;;;;;;;;;;;;;
confederacy_empire_kanadoi;Megáli Symmachía tou;;;;;;;;;;;;;

#kolomvianoi titles;;;;;;;;;;;;;;;;;;;;;;;;;;;;;
baron_kolomvianoi;Varónos;;;;;;;;;;;;;x
baron_female_kolomvianoi;Varóni;;;;;;;;;;;;;x
baron_title_ruler_consort_kolomvianoi;Varóni;;;;;;;;;;;;;x
baron_title_ruler_consort_female_kolomvianoi;Varónos;;;;;;;;;;;;;x
barony_of_kolomvianoi;Varoneía tou;;;;;;;;;;;;;x
count_kolomvianoi;Kómis;;;;;;;;;;;;;x
count_female_kolomvianoi;Kómissa;;;;;;;;;;;;;x
count_title_ruler_consort_kolomvianoi;Kómissa;;;;;;;;;;;;;x
count_title_ruler_consort_female_kolomvianoi;Kómis;;;;;;;;;;;;;x
county_of_kolomvianoi;Komiteía tou;;;;;;;;;;;;;x
duke_kolomvianoi;Doúkas;;;;;;;;;;;;;x
duke_female_kolomvianoi;Doúkissa;;;;;;;;;;;;;x
duke_title_ruler_consort_kolomvianoi;Doúkisaa;;;;;;;;;;;;;x
duke_title_ruler_consort_female_kolomvianoi;Doúkas;;;;;;;;;;;;;x
duchy_of_kolomvianoi;Doukáto tou;;;;;;;;;;;;;x
king_kolomvianoi;Vasiliás;;;;;;;;;;;;;x
king_female_kolomvianoi;Vasílissa;;;;;;;;;;;;;x
king_title_consort_kolomvianoi;Vasílissa;;;;;;;;;;;;;x
king_title_consort_female_kolomvianoi;Vasíliás;;;;;;;;;;;;;x
kingdom_of_kolomvianoi;Vasíleio tou;;;;;;;;;;;;;x
emperor_kolomvianoi;Aftokrátoras;;;;;;;;;;;;;x
emperor_female_kolomvianoi;Aftokráteira;;;;;;;;;;;;;x
emperor_title_consort_kolomvianoi;Aftokráteira;;;;;;;;;;;;;x
emperor_title_consort_female_kolomvianoi;Aftokrátoras;;;;;;;;;;;;;x
empire_of_kolomvianoi;Aftokratoría tou;;;;;;;;;;;;;x
title_prince_kolomvianoi;Prígkipas;;;;;;;;;;;;;x
title_prince_female_kolomvianoi;Vasilopoúla;;;;;;;;;;;;;x
city_baron_kolomvianoi;Dímarchos;;;;;;;;;;;;;x
city_count_kolomvianoi;Dímarchos;;;;;;;;;;;;;x
city_duke_kolomvianoi;Perifereiárchis;;;;;;;;;;;;;x
city_king_kolomvianoi;Próedros;;;;;;;;;;;;;x
city_barony_of_kolomvianoi;Póli tou;;;;;;;;;;;;;x
city_county_of_kolomvianoi;Póli tou;;;;;;;;;;;;;x
city_duchy_of_kolomvianoi;Dimokratía tou;;;;;;;;;;;;;x
city_kingdom_of_kolomvianoi;Galínios Dimokratía tou;;;;;;;;;;;;;x
tribal_baron_kolomvianoi;Oplarchigós;;;;;;;;;;;;;x
tribal_count_kolomvianoi;Oplarchigós;;;;;;;;;;;;;x
tribal_duke_kolomvianoi;Mégas Oplarchigós;;;;;;;;;;;;;x
tribal_king_kolomvianoi;Vasiliás;;;;;;;;;;;;;x
tribal_emperor_kolomvianoi;Aftokrátoras;;;;;;;;;;;;;x
tribal_baron_female_kolomvianoi;Oplarchigós;;;;;;;;;;;;;x
tribal_count_female_kolomvianoi;Oplarchigós;;;;;;;;;;;;;x
tribal_duke_female_kolomvianoi;Mégas Oplarchigós;;;;;;;;;;;;;x
tribal_king_female_kolomvianoi;Vasílissa;;;;;;;;;;;;;x
tribal_emperor_female_kolomvianoi;Aftokráteira;;;;;;;;;;;;;x
tribal_barony_of_kolomvianoi;Chorió tou;;;;;;;;;;;;;x
tribal_county_of_kolomvianoi;Chorió tou;;;;;;;;;;;;;x
tribal_duchy_of_kolomvianoi;Megálo Fýlo;;;;;;;;;;;;;x
tribal_kingdom_of_kolomvianoi;Vasíleio tou;;;;;;;;;;;;;x
tribal_empire_of_kolomvianoi;Aftokratoría tou;;;;;;;;;;;;;x
oligarchic_republic_baron_kolomvianoi;Dímarchos;;;;;;;;;;;;;
oligarchic_republic_baron_female_kolomvianoi;Dimarchína;;;;;;;;;;;;;
oligarchic_republic_count_kolomvianoi;Nomárchis;;;;;;;;;;;;;
oligarchic_republic_count_female_kolomvianoi;Nomárchissa;;;;;;;;;;;;;
oligarchic_republic_duke_kolomvianoi;Perifereiárchis;;;;;;;;;;;;;
oligarchic_republic_duke_female_kolomvianoi;Perifereiárchissa;;;;;;;;;;;;;
oligarchic_republic_king_kolomvianoi;Próedros;;;;;;;;;;;;;
oligarchic_republic_king_female_kolomvianoi;Proedrína;;;;;;;;;;;;;
oligarchic_republic_emperor_kolomvianoi;Mégas Próedros;;;;;;;;;;;;;
oligarchic_republic_emperor_female_kolomvianoi;Megáli Proedrína;;;;;;;;;;;;;
oligarchic_republic_barony_of_kolomvianoi;Póli tou;;;;;;;;;;;;;
oligarchic_republic_county_of_kolomvianoi;Nomós tou;;;;;;;;;;;;;
oligarchic_republic_duchy_of_kolomvianoi;Periféria tou;;;;;;;;;;;;;
oligarchic_republic_kingdom_of_kolomvianoi;Dimokratía tou;;;;;;;;;;;;;
oligarchic_republic_empire_of_kolomvianoi;Megáli Dimokratía tou;;;;;;;;;;;;;
confederacy_king_kolomvianoi;Epikefalís;;;;;;;;;;;;;
confederacy_king_female_kolomvianoi;Epikefalís;;;;;;;;;;;;;
confederacy_emperor_kolomvianoi;Igétis;;;;;;;;;;;;;
confederacy_emperor_female_kolomvianoi;Igétida;;;;;;;;;;;;;
confederacy_kingdom_kolomvianoi;Symmachía tou;;;;;;;;;;;;;
confederacy_empire_kolomvianoi;Megáli Symmachía tou;;;;;;;;;;;;;

#florintoi titles;;;;;;;;;;;;;;;;;;;;;;;;;;;;;
baron_florintoi;Varónos;;;;;;;;;;;;;x
baron_female_florintoi;Varóni;;;;;;;;;;;;;x
baron_title_ruler_consort_florintoi;Varóni;;;;;;;;;;;;;x
baron_title_ruler_consort_female_florintoi;Varónos;;;;;;;;;;;;;x
barony_of_florintoi;Varoneía tou;;;;;;;;;;;;;x
count_florintoi;Kómis;;;;;;;;;;;;;x
count_female_florintoi;Kómissa;;;;;;;;;;;;;x
count_title_ruler_consort_florintoi;Kómissa;;;;;;;;;;;;;x
count_title_ruler_consort_female_florintoi;Kómis;;;;;;;;;;;;;x
county_of_florintoi;Komiteía tou;;;;;;;;;;;;;x
duke_florintoi;Doúkas;;;;;;;;;;;;;x
duke_female_florintoi;Doúkissa;;;;;;;;;;;;;x
duke_title_ruler_consort_florintoi;Doúkisaa;;;;;;;;;;;;;x
duke_title_ruler_consort_female_florintoi;Doúkas;;;;;;;;;;;;;x
duchy_of_florintoi;Doukáto tou;;;;;;;;;;;;;x
king_florintoi;Vasiliás;;;;;;;;;;;;;x
king_female_florintoi;Vasílissa;;;;;;;;;;;;;x
king_title_consort_florintoi;Vasílissa;;;;;;;;;;;;;x
king_title_consort_female_florintoi;Vasíliás;;;;;;;;;;;;;x
kingdom_of_florintoi;Vasíleio tou;;;;;;;;;;;;;x
emperor_florintoi;Aftokrátoras;;;;;;;;;;;;;x
emperor_female_florintoi;Aftokráteira;;;;;;;;;;;;;x
emperor_title_consort_florintoi;Aftokráteira;;;;;;;;;;;;;x
emperor_title_consort_female_florintoi;Aftokrátoras;;;;;;;;;;;;;x
empire_of_florintoi;Aftokratoría tou;;;;;;;;;;;;;x
title_prince_florintoi;Prígkipas;;;;;;;;;;;;;x
title_prince_female_florintoi;Vasilopoúla;;;;;;;;;;;;;x
city_baron_florintoi;Dímarchos;;;;;;;;;;;;;x
city_count_florintoi;Dímarchos;;;;;;;;;;;;;x
city_duke_florintoi;Perifereiárchis;;;;;;;;;;;;;x
city_king_florintoi;Próedros;;;;;;;;;;;;;x
city_barony_of_florintoi;Póli tou;;;;;;;;;;;;;x
city_county_of_florintoi;Póli tou;;;;;;;;;;;;;x
city_duchy_of_florintoi;Dimokratía tou;;;;;;;;;;;;;x
city_kingdom_of_florintoi;Galínios Dimokratía tou;;;;;;;;;;;;;x
tribal_baron_florintoi;Oplarchigós;;;;;;;;;;;;;x
tribal_count_florintoi;Oplarchigós;;;;;;;;;;;;;x
tribal_duke_florintoi;Mégas Oplarchigós;;;;;;;;;;;;;x
tribal_king_florintoi;Vasiliás;;;;;;;;;;;;;x
tribal_emperor_florintoi;Aftokrátoras;;;;;;;;;;;;;x
tribal_baron_female_florintoi;Oplarchigós;;;;;;;;;;;;;x
tribal_count_female_florintoi;Oplarchigós;;;;;;;;;;;;;x
tribal_duke_female_florintoi;Mégas Oplarchigós;;;;;;;;;;;;;x
tribal_king_female_florintoi;Vasílissa;;;;;;;;;;;;;x
tribal_emperor_female_florintoi;Aftokráteira;;;;;;;;;;;;;x
tribal_barony_of_florintoi;Chorió tou;;;;;;;;;;;;;x
tribal_county_of_florintoi;Chorió tou;;;;;;;;;;;;;x
tribal_duchy_of_florintoi;Megálo Fýlo;;;;;;;;;;;;;x
tribal_kingdom_of_florintoi;Vasíleio tou;;;;;;;;;;;;;x
tribal_empire_of_florintoi;Aftokratoría tou;;;;;;;;;;;;;x
oligarchic_republic_baron_florintoi;Dímarchos;;;;;;;;;;;;;
oligarchic_republic_baron_female_florintoi;Dimarchína;;;;;;;;;;;;;
oligarchic_republic_count_florintoi;Nomárchis;;;;;;;;;;;;;
oligarchic_republic_count_female_florintoi;Nomárchissa;;;;;;;;;;;;;
oligarchic_republic_duke_florintoi;Perifereiárchis;;;;;;;;;;;;;
oligarchic_republic_duke_female_florintoi;Perifereiárchissa;;;;;;;;;;;;;
oligarchic_republic_king_florintoi;Próedros;;;;;;;;;;;;;
oligarchic_republic_king_female_florintoi;Proedrína;;;;;;;;;;;;;
oligarchic_republic_emperor_florintoi;Mégas Próedros;;;;;;;;;;;;;
oligarchic_republic_emperor_female_florintoi;Megáli Proedrína;;;;;;;;;;;;;
oligarchic_republic_barony_of_florintoi;Póli tou;;;;;;;;;;;;;
oligarchic_republic_county_of_florintoi;Nomós tou;;;;;;;;;;;;;
oligarchic_republic_duchy_of_florintoi;Periféria tou;;;;;;;;;;;;;
oligarchic_republic_kingdom_of_florintoi;Dimokratía tou;;;;;;;;;;;;;
oligarchic_republic_empire_of_florintoi;Megáli Dimokratía tou;;;;;;;;;;;;;
confederacy_king_florintoi;Epikefalís;;;;;;;;;;;;;
confederacy_king_female_florintoi;Epikefalís;;;;;;;;;;;;;
confederacy_emperor_florintoi;Igétis;;;;;;;;;;;;;
confederacy_emperor_female_florintoi;Igétida;;;;;;;;;;;;;
confederacy_kingdom_florintoi;Symmachía tou;;;;;;;;;;;;;
confederacy_empire_florintoi;Megáli Symmachía tou;;;;;;;;;;;;;

#ochaios titles;;;;;;;;;;;;;;;;;;;;;;;;;;;;;
baron_ochaios;Varónos;;;;;;;;;;;;;x
baron_female_ochaios;Varóni;;;;;;;;;;;;;x
baron_title_ruler_consort_ochaios;Varóni;;;;;;;;;;;;;x
baron_title_ruler_consort_female_ochaios;Varónos;;;;;;;;;;;;;x
barony_of_ochaios;Varoneía tou;;;;;;;;;;;;;x
count_ochaios;Kómis;;;;;;;;;;;;;x
count_female_ochaios;Kómissa;;;;;;;;;;;;;x
count_title_ruler_consort_ochaios;Kómissa;;;;;;;;;;;;;x
count_title_ruler_consort_female_ochaios;Kómis;;;;;;;;;;;;;x
county_of_ochaios;Komiteía tou;;;;;;;;;;;;;x
duke_ochaios;Doúkas;;;;;;;;;;;;;x
duke_female_ochaios;Doúkissa;;;;;;;;;;;;;x
duke_title_ruler_consort_ochaios;Doúkisaa;;;;;;;;;;;;;x
duke_title_ruler_consort_female_ochaios;Doúkas;;;;;;;;;;;;;x
duchy_of_ochaios;Doukáto tou;;;;;;;;;;;;;x
king_ochaios;Vasiliás;;;;;;;;;;;;;x
king_female_ochaios;Vasílissa;;;;;;;;;;;;;x
king_title_consort_ochaios;Vasílissa;;;;;;;;;;;;;x
king_title_consort_female_ochaios;Vasíliás;;;;;;;;;;;;;x
kingdom_of_ochaios;Vasíleio tou;;;;;;;;;;;;;x
emperor_ochaios;Aftokrátoras;;;;;;;;;;;;;x
emperor_female_ochaios;Aftokráteira;;;;;;;;;;;;;x
emperor_title_consort_ochaios;Aftokráteira;;;;;;;;;;;;;x
emperor_title_consort_female_ochaios;Aftokrátoras;;;;;;;;;;;;;x
empire_of_ochaios;Aftokratoría tou;;;;;;;;;;;;;x
title_prince_ochaios;Prígkipas;;;;;;;;;;;;;x
title_prince_female_ochaios;Vasilopoúla;;;;;;;;;;;;;x
city_baron_ochaios;Dímarchos;;;;;;;;;;;;;x
city_count_ochaios;Dímarchos;;;;;;;;;;;;;x
city_duke_ochaios;Perifereiárchis;;;;;;;;;;;;;x
city_king_ochaios;Próedros;;;;;;;;;;;;;x
city_barony_of_ochaios;Póli tou;;;;;;;;;;;;;x
city_county_of_ochaios;Póli tou;;;;;;;;;;;;;x
city_duchy_of_ochaios;Dimokratía tou;;;;;;;;;;;;;x
city_kingdom_of_ochaios;Galínios Dimokratía tou;;;;;;;;;;;;;x
tribal_baron_ochaios;Oplarchigós;;;;;;;;;;;;;x
tribal_count_ochaios;Oplarchigós;;;;;;;;;;;;;x
tribal_duke_ochaios;Mégas Oplarchigós;;;;;;;;;;;;;x
tribal_king_ochaios;Vasiliás;;;;;;;;;;;;;x
tribal_emperor_ochaios;Aftokrátoras;;;;;;;;;;;;;x
tribal_baron_female_ochaios;Oplarchigós;;;;;;;;;;;;;x
tribal_count_female_ochaios;Oplarchigós;;;;;;;;;;;;;x
tribal_duke_female_ochaios;Mégas Oplarchigós;;;;;;;;;;;;;x
tribal_king_female_ochaios;Vasílissa;;;;;;;;;;;;;x
tribal_emperor_female_ochaios;Aftokráteira;;;;;;;;;;;;;x
tribal_barony_of_ochaios;Chorió tou;;;;;;;;;;;;;x
tribal_county_of_ochaios;Chorió tou;;;;;;;;;;;;;x
tribal_duchy_of_ochaios;Megálo Fýlo;;;;;;;;;;;;;x
tribal_kingdom_of_ochaios;Vasíleio tou;;;;;;;;;;;;;x
tribal_empire_of_ochaios;Aftokratoría tou;;;;;;;;;;;;;x
oligarchic_republic_baron_ochaios;Dímarchos;;;;;;;;;;;;;
oligarchic_republic_baron_female_ochaios;Dimarchína;;;;;;;;;;;;;
oligarchic_republic_count_ochaios;Nomárchis;;;;;;;;;;;;;
oligarchic_republic_count_female_ochaios;Nomárchissa;;;;;;;;;;;;;
oligarchic_republic_duke_ochaios;Perifereiárchis;;;;;;;;;;;;;
oligarchic_republic_duke_female_ochaios;Perifereiárchissa;;;;;;;;;;;;;
oligarchic_republic_king_ochaios;Próedros;;;;;;;;;;;;;
oligarchic_republic_king_female_ochaios;Proedrína;;;;;;;;;;;;;
oligarchic_republic_emperor_ochaios;Mégas Próedros;;;;;;;;;;;;;
oligarchic_republic_emperor_female_ochaios;Megáli Proedrína;;;;;;;;;;;;;
oligarchic_republic_barony_of_ochaios;Póli tou;;;;;;;;;;;;;
oligarchic_republic_county_of_ochaios;Nomós tou;;;;;;;;;;;;;
oligarchic_republic_duchy_of_ochaios;Periféria tou;;;;;;;;;;;;;
oligarchic_republic_kingdom_of_ochaios;Dimokratía tou;;;;;;;;;;;;;
oligarchic_republic_empire_of_ochaios;Megáli Dimokratía tou;;;;;;;;;;;;;
confederacy_king_ochaios;Epikefalís;;;;;;;;;;;;;
confederacy_king_female_ochaios;Epikefalís;;;;;;;;;;;;;
confederacy_emperor_ochaios;Igétis;;;;;;;;;;;;;
confederacy_emperor_female_ochaios;Igétida;;;;;;;;;;;;;
confederacy_kingdom_ochaios;Symmachía tou;;;;;;;;;;;;;
confederacy_empire_ochaios;Megáli Symmachía tou;;;;;;;;;;;;;

#westerosi_valyrian titles;;;;;;;;;;;;;;;;;;;;;;;;;;;;;
baron_westerosi_valyrian;Varónos;;;;;;;;;;;;;x
baron_female_westerosi_valyrian;Varóni;;;;;;;;;;;;;x
baron_title_ruler_consort_westerosi_valyrian;Varóni;;;;;;;;;;;;;x
baron_title_ruler_consort_female_westerosi_valyrian;Varónos;;;;;;;;;;;;;x
barony_of_westerosi_valyrian;Varoneía tou;;;;;;;;;;;;;x
count_westerosi_valyrian;Kómis;;;;;;;;;;;;;x
count_female_westerosi_valyrian;Kómissa;;;;;;;;;;;;;x
count_title_ruler_consort_westerosi_valyrian;Kómissa;;;;;;;;;;;;;x
count_title_ruler_consort_female_westerosi_valyrian;Kómis;;;;;;;;;;;;;x
county_of_westerosi_valyrian;Komiteía tou;;;;;;;;;;;;;x
duke_westerosi_valyrian;Doúkas;;;;;;;;;;;;;x
duke_female_westerosi_valyrian;Doúkissa;;;;;;;;;;;;;x
duke_title_ruler_consort_westerosi_valyrian;Doúkisaa;;;;;;;;;;;;;x
duke_title_ruler_consort_female_westerosi_valyrian;Doúkas;;;;;;;;;;;;;x
duchy_of_westerosi_valyrian;Doukáto tou;;;;;;;;;;;;;x
king_westerosi_valyrian;Vasiliás;;;;;;;;;;;;;x
king_female_westerosi_valyrian;Vasílissa;;;;;;;;;;;;;x
king_title_consort_westerosi_valyrian;Vasílissa;;;;;;;;;;;;;x
king_title_consort_female_westerosi_valyrian;Vasíliás;;;;;;;;;;;;;x
kingdom_of_westerosi_valyrian;Vasíleio tou;;;;;;;;;;;;;x
emperor_westerosi_valyrian;Aftokrátoras;;;;;;;;;;;;;x
emperor_female_westerosi_valyrian;Aftokráteira;;;;;;;;;;;;;x
emperor_title_consort_westerosi_valyrian;Aftokráteira;;;;;;;;;;;;;x
emperor_title_consort_female_westerosi_valyrian;Aftokrátoras;;;;;;;;;;;;;x
empire_of_westerosi_valyrian;Aftokratoría tou;;;;;;;;;;;;;x
title_prince_westerosi_valyrian;Prígkipas;;;;;;;;;;;;;x
title_prince_female_westerosi_valyrian;Vasilopoúla;;;;;;;;;;;;;x
city_baron_westerosi_valyrian;Dímarchos;;;;;;;;;;;;;x
city_count_westerosi_valyrian;Dímarchos;;;;;;;;;;;;;x
city_duke_westerosi_valyrian;Perifereiárchis;;;;;;;;;;;;;x
city_king_westerosi_valyrian;Próedros;;;;;;;;;;;;;x
city_barony_of_westerosi_valyrian;Póli tou;;;;;;;;;;;;;x
city_county_of_westerosi_valyrian;Póli tou;;;;;;;;;;;;;x
city_duchy_of_westerosi_valyrian;Dimokratía tou;;;;;;;;;;;;;x
city_kingdom_of_westerosi_valyrian;Galínios Dimokratía tou;;;;;;;;;;;;;x
tribal_baron_westerosi_valyrian;Oplarchigós;;;;;;;;;;;;;x
tribal_count_westerosi_valyrian;Oplarchigós;;;;;;;;;;;;;x
tribal_duke_westerosi_valyrian;Mégas Oplarchigós;;;;;;;;;;;;;x
tribal_king_westerosi_valyrian;Vasiliás;;;;;;;;;;;;;x
tribal_emperor_westerosi_valyrian;Aftokrátoras;;;;;;;;;;;;;x
tribal_baron_female_westerosi_valyrian;Oplarchigós;;;;;;;;;;;;;x
tribal_count_female_westerosi_valyrian;Oplarchigós;;;;;;;;;;;;;x
tribal_duke_female_westerosi_valyrian;Mégas Oplarchigós;;;;;;;;;;;;;x
tribal_king_female_westerosi_valyrian;Vasílissa;;;;;;;;;;;;;x
tribal_emperor_female_westerosi_valyrian;Aftokráteira;;;;;;;;;;;;;x
tribal_barony_of_westerosi_valyrian;Chorió tou;;;;;;;;;;;;;x
tribal_county_of_westerosi_valyrian;Chorió tou;;;;;;;;;;;;;x
tribal_duchy_of_westerosi_valyrian;Megálo Fýlo;;;;;;;;;;;;;x
tribal_kingdom_of_westerosi_valyrian;Vasíleio tou;;;;;;;;;;;;;x
tribal_empire_of_westerosi_valyrian;Aftokratoría tou;;;;;;;;;;;;;x
oligarchic_republic_baron_westerosi_valyrian;Dímarchos;;;;;;;;;;;;;
oligarchic_republic_baron_female_westerosi_valyrian;Dimarchína;;;;;;;;;;;;;
oligarchic_republic_count_westerosi_valyrian;Nomárchis;;;;;;;;;;;;;
oligarchic_republic_count_female_westerosi_valyrian;Nomárchissa;;;;;;;;;;;;;
oligarchic_republic_duke_westerosi_valyrian;Perifereiárchis;;;;;;;;;;;;;
oligarchic_republic_duke_female_westerosi_valyrian;Perifereiárchissa;;;;;;;;;;;;;
oligarchic_republic_king_westerosi_valyrian;Próedros;;;;;;;;;;;;;
oligarchic_republic_king_female_westerosi_valyrian;Proedrína;;;;;;;;;;;;;
oligarchic_republic_emperor_westerosi_valyrian;Mégas Próedros;;;;;;;;;;;;;
oligarchic_republic_emperor_female_westerosi_valyrian;Megáli Proedrína;;;;;;;;;;;;;
oligarchic_republic_barony_of_westerosi_valyrian;Póli tou;;;;;;;;;;;;;
oligarchic_republic_county_of_westerosi_valyrian;Nomós tou;;;;;;;;;;;;;
oligarchic_republic_duchy_of_westerosi_valyrian;Periféria tou;;;;;;;;;;;;;
oligarchic_republic_kingdom_of_westerosi_valyrian;Dimokratía tou;;;;;;;;;;;;;
oligarchic_republic_empire_of_westerosi_valyrian;Megáli Dimokratía tou;;;;;;;;;;;;;
confederacy_king_westerosi_valyrian;Epikefalís;;;;;;;;;;;;;
confederacy_king_female_westerosi_valyrian;Epikefalís;;;;;;;;;;;;;
confederacy_emperor_westerosi_valyrian;Igétis;;;;;;;;;;;;;
confederacy_emperor_female_westerosi_valyrian;Igétida;;;;;;;;;;;;;
confederacy_kingdom_westerosi_valyrian;Symmachía tou;;;;;;;;;;;;;
confederacy_empire_westerosi_valyrian;Megáli Symmachía tou;;;;;;;;;;;;;