b_alexander_app;Alexander;Alexander;Alexander;;Alexander;;;;;;;;;x
b_alexander_app_adj;Alexanderian;;alexander_apper;;;;;;;;;;;x
b_alton_app;Alton;Alton;Alton;;Alton;;;;;;;;;x
b_alton_app_adj;Altonian;;alton_apper;;;;;;;;;;;x
b_bayard_app;Bayard;Bayard;Bayard;;Bayard;;;;;;;;;x
b_bayard_app_adj;Bayardian;;bayard_apper;;;;;;;;;;;x
b_bismarck_app;Bismarck;Bismarck;Bismarck;;Bismarck;;;;;;;;;x
b_bismarck_app_adj;Bismarckian;;bismarck_apper;;;;;;;;;;;x
b_cherry_grove_app;Cherry Grove;Cherry Grove;Cherry Grove;;Cherry Grove;;;;;;;;;x
b_cherry_grove_app_adj;Cherry Groveian;;Cherry Groveer;;;;;;;;;;;x
b_circleville_app;Circleville;Circleville;Circleville;;Circleville;;;;;;;;;x
b_circleville_app_adj;Circlevilleian;;circleville_apper;;;;;;;;;;;x
b_dorcas_app;Dorcas;Dorcas;Dorcas;;Dorcas;;;;;;;;;x
b_dorcas_app_adj;Dorcasian;;dorcas_apper;;;;;;;;;;;x
b_east_freedom_app;East Freedom;East Freedom;East Freedom;;East Freedom;;;;;;;;;x
b_east_freedom_app_adj;East Freedomian;;East Freedomer;;;;;;;;;;;x
b_ellamore_app;Ellamore;Ellamore;Ellamore;;Ellamore;;;;;;;;;x
b_ellamore_app_adj;Ellamoreian;;ellamore_apper;;;;;;;;;;;x
b_excelsior_app;Excelsior;Excelsior;Excelsior;;Excelsior;;;;;;;;;x
b_excelsior_app_adj;Excelsiorian;;excelsior_apper;;;;;;;;;;;x
b_fisher_app;Fisher;Fisher;Fisher;;Fisher;;;;;;;;;x
b_fisher_app_adj;Fisherian;;fisher_apper;;;;;;;;;;;x
b_foot_of_ten_app;Foot of Ten;Foot of Ten;Foot of Ten;;Foot of Ten;;;;;;;;;x
b_foot_of_ten_app_adj;Foot of Tenian;;Foot of Tener;;;;;;;;;;;x
b_gormania_app;Gormania;Gormania;Gormania;;Gormania;;;;;;;;;x
b_gormania_app_adj;Gormaniaian;;gormania_apper;;;;;;;;;;;x
b_greenland_app;Greenland;Greenland;Greenland;;Greenland;;;;;;;;;x
b_greenland_app_adj;Greenlandian;;greenland_apper;;;;;;;;;;;x
b_harper_app;Harper;Harper;Harper;;Harper;;;;;;;;;x
b_harper_app_adj;Harperian;;harper_apper;;;;;;;;;;;x
b_henning_app;Henning;Henning;Henning;;Henning;;;;;;;;;x
b_henning_app_adj;Henningian;;henning_apper;;;;;;;;;;;x
b_imperial_app;Imperial;Imperial;Imperial;;Imperial;;;;;;;;;x
b_imperial_app_adj;Imperialian;;imperial_apper;;;;;;;;;;;x
b_keister_app;Keister;Keister;Keister;;Keister;;;;;;;;;x
b_keister_app_adj;Keisterian;;keister_apper;;;;;;;;;;;x
b_key_app;Key;Key;Key;;Key;;;;;;;;;x
b_key_app_adj;Keyian;;key_apper;;;;;;;;;;;x
b_landes_station_app;Landes Station;Landes Station;Landes Station;;Landes Station;;;;;;;;;x
b_landes_station_app_adj;Landes Stationian;;Landes Stationer;;;;;;;;;;;x
b_loopemount_app;Loopemount;Loopemount;Loopemount;;Loopemount;;;;;;;;;x
b_loopemount_app_adj;Loopemountian;;loopemount_apper;;;;;;;;;;;x
b_mapledale_app;Mapledale;Mapledale;Mapledale;;Mapledale;;;;;;;;;x
b_mapledale_app_adj;Mapledaleian;;mapledale_apper;;;;;;;;;;;x
b_moorefield_app;Moorefield;Moorefield;Moorefield;;Moorefield;;;;;;;;;x
b_moorefield_app_adj;Moorefieldian;;moorefield_apper;;;;;;;;;;;x
b_mount_storm_app;Mount Storm;Mount Storm;Mount Storm;;Mount Storm;;;;;;;;;x
b_mount_storm_app_adj;Mount Stormian;;Mount Stormer;;;;;;;;;;;x
b_north_fork_app;North Fork;North Fork;North Fork;;North Fork;;;;;;;;;x
b_north_fork_app_adj;North Forkian;;North Forker;;;;;;;;;;;x
b_oak_grove_app;Oak Grove;Oak Grove;Oak Grove;;Oak Grove;;;;;;;;;x
b_oak_grove_app_adj;Oak Groveian;;Oak Groveer;;;;;;;;;;;x
b_oakland_app;Oakland;Oakland;Oakland;;Oakland;;;;;;;;;x
b_oakland_app_adj;Oaklandian;;oakland_apper;;;;;;;;;;;x
b_petersburg_app;Petersburg;Petersburg;Petersburg;;Petersburg;;;;;;;;;x
b_petersburg_app_adj;Petersburgian;;petersburg_apper;;;;;;;;;;;x
b_puritan_app;Puritan;Puritan;Puritan;;Puritan;;;;;;;;;x
b_puritan_app_adj;Puritanian;;puritan_apper;;;;;;;;;;;x
b_puttstown_app;Puttstown;Puttstown;Puttstown;;Puttstown;;;;;;;;;x
b_puttstown_app_adj;Puttstownian;;puttstown_apper;;;;;;;;;;;x
b_riverton_app;Riverton;Riverton;Riverton;;Riverton;;;;;;;;;x
b_riverton_app_adj;Rivertonian;;riverton_apper;;;;;;;;;;;x
b_scherr_app;Scherr;Scherr;Scherr;;Scherr;;;;;;;;;x
b_scherr_app_adj;Scherrian;;scherr_apper;;;;;;;;;;;x
b_selbyville_app;Selbyville;Selbyville;Selbyville;;Selbyville;;;;;;;;;x
b_selbyville_app_adj;Selbyvilleian;;selbyville_apper;;;;;;;;;;;x
b_sidman_app;Sidman;Sidman;Sidman;;Sidman;;;;;;;;;x
b_sidman_app_adj;Sidmanian;;sidman_apper;;;;;;;;;;;x
b_spring_hill_app;Spring Hill;Spring Hill;Spring Hill;;Spring Hill;;;;;;;;;x
b_spring_hill_app_adj;Spring Hillian;;Spring Hiller;;;;;;;;;;;x
b_tannery_app;Tannery;Tannery;Tannery;;Tannery;;;;;;;;;x
b_tannery_app_adj;Tanneryian;;tannery_apper;;;;;;;;;;;x
b_taylor_app;Taylor;Taylor;Taylor;;Taylor;;;;;;;;;x
b_taylor_app_adj;Taylorian;;taylor_apper;;;;;;;;;;;x
b_tennerton_app;Tennerton;Tennerton;Tennerton;;Tennerton;;;;;;;;;x
b_tennerton_app_adj;Tennertonian;;tennerton_apper;;;;;;;;;;;x
b_tuckahoe_app;Tuckahoe;Tuckahoe;Tuckahoe;;Tuckahoe;;;;;;;;;x
b_tuckahoe_app_adj;Tuckahoeian;;tuckahoe_apper;;;;;;;;;;;x
b_vago_app;Vago;Vago;Vago;;Vago;;;;;;;;;x
b_vago_app_adj;Vagoian;;vago_apper;;;;;;;;;;;x
b_wilmore_app;Wilmore;;;;;;;;;;x
b_wilmore_app_adj;Wilmoreian;;wilmore_apper;;;;;;;;;;;x
b_white_sulphur_springs_app;White Sulphur Springs;White Sulphur Springs;White Sulphur Springs;;White Sulphur Springs;;;;;;;;;x
b_white_sulphur_springs_app_adj;White Sulphur Springsian;;White Sulphur Springser;;;;;;;;;;;x
d_franklin;Franklin;Franklin;Franklin;;Franklin;;;;;;;;;x
d_franklin_adj;Franklinian;;frankliner;;;;;;;;;;;x
d_petersburg;Petersburg;Petersburg;Petersburg;;Petersburg;;;;;;;;;x
d_petersburg_adj;Petersburgian;;petersburger;;;;;;;;;;;x
c_circleville;Circleville;Circleville;Circleville;;Circleville;;;;;;;;;x
c_circleville_adj;Circlevillean;;circleviller;;;;;;;;;;;x
c_oakland;Oakland;Oakland;Oakland;;Oakland;;;;;;;;;x
c_oakland_adj;Oaklandian;;oaklander;;;;;;;;;;;x
c_petersburg;Petersburg;Petersburg;Petersburg;;Petersburg;;;;;;;;;x
c_petersburg_adj;Petersburgian;;petersburger;;;;;;;;;;;x
c_spring_hill;Spring Hill;Spring Hill;Spring Hill;;Spring Hill;;;;;;;;;x
c_spring_hill_adj;Spring Hillian;;Spring Hiller;;;;;;;;;;;x
c_tennerton;Tennerton;Tennerton;Tennerton;;Tennerton;;;;;;;;;x
c_tennerton_adj;Tennertonian;;tennertoner;;;;;;;;;;;x
c_white_sulphur_springs;White Sulphur Springs;White Sulphur Springs;White Sulphur Springs;;White Sulphur Springs;;;;;;;;;x
c_white_sulphur_springs_adj;White Sulphur Springsian;;White Sulphur Springser;;;;;;;;;;;x
PROV3301;Spring Hill;Spring Hill;Spring Hill;;;;;;;;;x
PROV3302;Circleville;Circleville;Circleville;;;;;;;;;x
PROV3303;White Sulphur Springs;White Sulphur Springs;White Sulphur Springs;;;;;;;;;x
PROV3304;Oakland;Oakland;Oakland;;;;;;;;;x
PROV3305;Petersburg;Petersburg;Petersburg;;;;;;;;;x
PROV3306;Tennerton;Tennerton;Tennerton;;;;;;;;;x
PROV3307;Tazewell;Tazewell;Tazewell;;;;;;;;;x
PROV3308;Bean Station;Bean Station;Bean Station;;;;;;;;;x
PROV3309;Morristown;Morristown;Morristown;;;;;;;;;x
PROV3310;Clayton;Clayton;Clayton;;;;;;;;;x
PROV3311;Walhalla;Walhalla;Walhalla;;;;;;;;;x
PROV3312;Pickens;Pickens;Pickens;;;;;;;;;x
PROV3313;Montreat;Montreat;Montreat;;;;;;;;;x
PROV3314;Bristol;Bristol;Bristol;;;;;;;;;x
PROV3315;Mountain City;Mountain City;Mountain City;;;;;;;;;x
PROV3316;Ringgold;Ringgold;Ringgold;;;;;;;;;x
PROV3317;Shelbyville;Shelbyville;Shelbyville;;;;;;;;;x
PROV3318;Dyersburg;Dyersburg;Dyersburg;;;;;;;;;x
d_beans;Beans;Beans;Beans;;Beans;;;;;;;;;x
d_beans_adj;Beansian;;beanser;;;;;;;;;;;x
d_bristol;Bristol;Bristol;Bristol;;Bristol;;;;;;;;;x
d_bristol_adj;Bristolian;;bristoler;;;;;;;;;;;x
d_walhalla;Walhalla;Walhalla;Walhalla;;Walhalla;;;;;;;;;x
d_walhalla_adj;Walhallan;;walhaller;;;;;;;;;;;x
b_anna_marine_app;Anna Marine;Anna Marine;Anna Marine;;Anna Marine;;;;;;;;;x
b_anna_marine_app_adj;Anna Marineian;;Anna Marineer;;;;;;;;;;;x
b_barnardsville_app;Barnardsville;Barnardsville;Barnardsville;;Barnardsville;;;;;;;;;x
b_barnardsville_app_adj;Barnardsvilleian;;barnardsville_apper;;;;;;;;;;;x
b_bean_station_app;Bean Station;Bean Station;Bean Station;;Bean Station;;;;;;;;;x
b_bean_station_app_adj;Bean Stationian;;Bean Stationer;;;;;;;;;;;x
b_bell_buckle_app;Bell Buckle;Bell Buckle;Bell Buckle;;Bell Buckle;;;;;;;;;x
b_bell_buckle_app_adj;Bell Buckleian;;Bell Buckleer;;;;;;;;;;;x
b_blountville_app;Blountville;Blountville;Blountville;;Blountville;;;;;;;;;x
b_blountville_app_adj;Blountvilleian;;blountville_apper;;;;;;;;;;;x
b_blue_horse_app;Blue Horse;Blue Horse;Blue Horse;;Blue Horse;;;;;;;;;x
b_blue_horse_app_adj;Blue Horseian;;Blue Horseer;;;;;;;;;;;x
b_bluff_app;Bluff;Bluff;Bluff;;Bluff;;;;;;;;;x
b_bluff_app_adj;Bluffian;;bluff_apper;;;;;;;;;;;x
b_boynton_app;Boynton;Boynton;Boynton;;Boynton;;;;;;;;;x
b_boynton_app_adj;Boyntonian;;boynton_apper;;;;;;;;;;;x
b_brewer_app;Brewer;Brewer;Brewer;;Brewer;;;;;;;;;x
b_brewer_app_adj;Brewerian;;brewer_apper;;;;;;;;;;;x
b_bristol_app;Bristol;Bristol;Bristol;;Bristol;;;;;;;;;x
b_bristol_app_adj;Bristolian;;bristol_apper;;;;;;;;;;;x
b_burrell_app;Burrell;Burrell;Burrell;;Burrell;;;;;;;;;x
b_burrell_app_adj;Burrellian;;burrell_apper;;;;;;;;;;;x
b_camp_blue_app;Camp Blue;Camp Blue;Camp Blue;;Camp Blue;;;;;;;;;x
b_camp_blue_app_adj;Camp Blueian;;Camp Blueer;;;;;;;;;;;x
b_cave_spring_app;Cave Spring;Cave Spring;Cave Spring;;Cave Spring;;;;;;;;;x
b_cave_spring_app_adj;Cave Springian;;Cave Springer;;;;;;;;;;;x
b_chinquipin_app;Chinquipin;Chinquipin;Chinquipin;;Chinquipin;;;;;;;;;x
b_chinquipin_app_adj;Chinquipinian;;chinquipin_apper;;;;;;;;;;;x
b_clayton_app;Clayton;Clayton;Clayton;;Clayton;;;;;;;;;x
b_clayton_app_adj;Claytonian;;clayton_apper;;;;;;;;;;;x
b_crockett_app;Crockett;Crockett;Crockett;;Crockett;;;;;;;;;x
b_crockett_app_adj;Crockettian;;crockett_apper;;;;;;;;;;;x
b_darnell_falls_app;Darnell Falls;Darnell Falls;Darnell Falls;;Darnell Falls;;;;;;;;;x
b_darnell_falls_app_adj;Darnell Fallsian;;Darnell Fallser;;;;;;;;;;;x
b_doe_valley_app;Doe Valley;Doe Valley;Doe Valley;;Doe Valley;;;;;;;;;x
b_doe_valley_app_adj;Doe Valleyian;;Doe Valleyer;;;;;;;;;;;x
b_dyersburg_app;Dyersburg;Dyersburg;Dyersburg;;Dyersburg;;;;;;;;;x
b_dyersburg_app_adj;Dyersburgian;;dyersburg_apper;;;;;;;;;;;x
b_fairview_app;Fairview;Fairview;Fairview;;Fairview;;;;;;;;;x
b_fairview_app_adj;Fairviewian;;fairview_apper;;;;;;;;;;;x
b_flat_creek_app;Flat Creek;Flat Creek;Flat Creek;;Flat Creek;;;;;;;;;x
b_flat_creek_app_adj;Flat Creekian;;Flat Creeker;;;;;;;;;;;x
b_fort_oglethorpe_app;Fort Oglethorpe;Fort Oglethorpe;Fort Oglethorpe;;Fort Oglethorpe;;;;;;;;;x
b_fort_oglethorpe_app_adj;Fort Oglethorpeian;;Fort Oglethorpeer;;;;;;;;;;;x
b_fowlkes_app;Fowlkes;Fowlkes;Fowlkes;;Fowlkes;;;;;;;;;x
b_fowlkes_app_adj;Fowlkesian;;fowlkes_apper;;;;;;;;;;;x
b_foxfire_app;Foxfire;Foxfire;Foxfire;;Foxfire;;;;;;;;;x
b_foxfire_app_adj;Foxfireian;;foxfire_apper;;;;;;;;;;;x
b_goins_app;Goins;Goins;Goins;;Goins;;;;;;;;;x
b_goins_app_adj;Goinsian;;goins_apper;;;;;;;;;;;x
b_grayson_app;Grayson;Grayson;Grayson;;Grayson;;;;;;;;;x
b_grayson_app_adj;Graysonian;;grayson_apper;;;;;;;;;;;x
b_graysville_app;Graysville;Graysville;Graysville;;Graysville;;;;;;;;;x
b_graysville_app_adj;Graysvilleian;;graysville_apper;;;;;;;;;;;x
b_grissom_app;Grissom;Grissom;Grissom;;Grissom;;;;;;;;;x
b_grissom_app_adj;Grissomian;;grissom_apper;;;;;;;;;;;x
b_hagood_app;Hagood;Hagood;Hagood;;Hagood;;;;;;;;;x
b_hagood_app_adj;Hagoodian;;hagood_apper;;;;;;;;;;;x
b_indian_springs_app;Indian Springs;Indian Springs;Indian Springs;;Indian Springs;;;;;;;;;x
b_indian_springs_app_adj;Indian Springsian;;Indian Springser;;;;;;;;;;;x
b_king_app;King;King;King;;King;;;;;;;;;x
b_king_app_adj;Kingian;;king_apper;;;;;;;;;;;x
b_laurel_bloomery_app;Laurel Bloomery;Laurel Bloomery;Laurel Bloomery;;Laurel Bloomery;;;;;;;;;x
b_laurel_bloomery_app_adj;Laurel Bloomeryian;;Laurel Bloomeryer;;;;;;;;;;;x
b_laurel_creek_app;Laurel Creek;Laurel Creek;Laurel Creek;;Laurel Creek;;;;;;;;;x
b_laurel_creek_app_adj;Laurel Creekian;;Laurel Creeker;;;;;;;;;;;x
b_leatherwood_app;Leatherwood;Leatherwood;Leatherwood;;Leatherwood;;;;;;;;;x
b_leatherwood_app_adj;Leatherwoodian;;leatherwood_apper;;;;;;;;;;;x
b_little_cane_app;Little Cane;Little Cane;Little Cane;;Little Cane;;;;;;;;;x
b_little_cane_app_adj;Little Caneian;;Little Caneer;;;;;;;;;;;x
b_little_sycamore_app;Little Sycamore;Little Sycamore;Little Sycamore;;Little Sycamore;;;;;;;;;x
b_little_sycamore_app_adj;Little Sycamoreian;;Little Sycamoreer;;;;;;;;;;;x
b_lone_holly_app;Lone Holly;Lone Holly;Lone Holly;;Lone Holly;;;;;;;;;x
b_lone_holly_app_adj;Lone Hollyian;;Lone Hollyer;;;;;;;;;;;x
b_lowland_app;Lowland;Lowland;Lowland;;Lowland;;;;;;;;;x
b_lowland_app_adj;Lowlandian;;lowland_apper;;;;;;;;;;;x
b_luther_app;Luther;Luther;Luther;;Luther;;;;;;;;;x
b_luther_app_adj;Lutherian;;luther_apper;;;;;;;;;;;x
b_mccoy_app;McCoy;McCoy;McCoy;;McCoy;;;;;;;;;x
b_mccoy_app_adj;McCoyian;;mccoy_apper;;;;;;;;;;;x
b_midway_app;Midway;Midway;Midway;;Midway;;;;;;;;;x
b_midway_app_adj;Midwayian;;midway_apper;;;;;;;;;;;x
b_mitchell_app;Mitchell;Mitchell;Mitchell;;Mitchell;;;;;;;;;x
b_mitchell_app_adj;Mitchellian;;mitchell_apper;;;;;;;;;;;x
b_montreat_app;Montreat;Montreat;Montreat;;Montreat;;;;;;;;;x
b_montreat_app_adj;Montreatian;;montreat_apper;;;;;;;;;;;x
b_mooresburg_app;Mooresburg;Mooresburg;Mooresburg;;Mooresburg;;;;;;;;;x
b_mooresburg_app_adj;Mooresburgian;;mooresburg_apper;;;;;;;;;;;x
b_morristown_app;Morristown;Morristown;Morristown;;Morristown;;;;;;;;;x
b_morristown_app_adj;Morristownian;;morristown_apper;;;;;;;;;;;x
b_mountain_city_app;Mountain City;Mountain City;Mountain City;;Mountain City;;;;;;;;;x
b_mountain_city_app_adj;Mountain Cityian;;Mountain Cityer;;;;;;;;;;;x
b_neva_app;Neva;Neva;Neva;;Neva;;;;;;;;;x
b_neva_app_adj;Nevaian;;neva_apper;;;;;;;;;;;x
b_new_hope_app;New Hope;New Hope;New Hope;;New Hope;;;;;;;;;x
b_new_hope_app_adj;New Hopeian;;New Hopeer;;;;;;;;;;;x
b_newbern_app;Newbern;Newbern;Newbern;;Newbern;;;;;;;;;x
b_newbern_app_adj;Newbernian;;newbern_apper;;;;;;;;;;;x
b_okeena_app;Okeena;Okeena;Okeena;;Okeena;;;;;;;;;x
b_okeena_app_adj;Okeenaian;;okeena_apper;;;;;;;;;;;x
b_old_fort_app;Old Fort;Old Fort;Old Fort;;Old Fort;;;;;;;;;x
b_old_fort_app_adj;Old Fortian;;Old Forter;;;;;;;;;;;x
b_old_plank_app;Old Plank;Old Plank;Old Plank;;Old Plank;;;;;;;;;x
b_old_plank_app_adj;Old Plankian;;Old Planker;;;;;;;;;;;x
b_osage_app;Osage;Osage;Osage;;Osage;;;;;;;;;x
b_osage_app_adj;Osageian;;osage_apper;;;;;;;;;;;x
b_palmer_app;Palmer;Palmer;Palmer;;Palmer;;;;;;;;;x
b_palmer_app_adj;Palmerian;;palmer_apper;;;;;;;;;;;x
b_pensacola_app;Pensacola;Pensacola;Pensacola;;Pensacola;;;;;;;;;x
b_pensacola_app_adj;Pensacolaian;;pensacola_apper;;;;;;;;;;;x
b_pickens_app;Pickens;Pickens;Pickens;;Pickens;;;;;;;;;x
b_pickens_app_adj;Pickensian;;pickens_apper;;;;;;;;;;;x
b_pisgah_app;Pisgah;Pisgah;Pisgah;;Pisgah;;;;;;;;;x
b_pisgah_app_adj;Pisgahian;;pisgah_apper;;;;;;;;;;;x
b_pumpkintown_app;Pumpkintown;Pumpkintown;Pumpkintown;;Pumpkintown;;;;;;;;;x
b_pumpkintown_app_adj;Pumpkintownian;;pumpkintown_apper;;;;;;;;;;;x
b_ridgecrest_app;Ridgecrest;Ridgecrest;Ridgecrest;;Ridgecrest;;;;;;;;;x
b_ridgecrest_app_adj;Ridgecrestian;;ridgecrest_apper;;;;;;;;;;;x
b_ringgold_app;Ringgold;Ringgold;Ringgold;;Ringgold;;;;;;;;;x
b_ringgold_app_adj;Ringgoldian;;ringgold_apper;;;;;;;;;;;x
b_rocky_bottom_app;Rocky Bottom;Rocky Bottom;Rocky Bottom;;Rocky Bottom;;;;;;;;;x
b_rocky_bottom_app_adj;Rocky Bottomian;;Rocky Bottomer;;;;;;;;;;;x
b_roellen_app;Roellen;Roellen;Roellen;;Roellen;;;;;;;;;x
b_roellen_app_adj;Roellenian;;roellen_apper;;;;;;;;;;;x
b_royal_app;Royal;Royal;Royal;;Royal;;;;;;;;;x
b_royal_app_adj;Royalian;;royal_apper;;;;;;;;;;;x
b_russellville_app;Russellville;Russellville;Russellville;;Russellville;;;;;;;;;x
b_russellville_app_adj;Russellvilleian;;russellville_apper;;;;;;;;;;;x
b_saddlebrook_app;Saddlebrook;Saddlebrook;Saddlebrook;;Saddlebrook;;;;;;;;;x
b_saddlebrook_app_adj;Saddlebrookian;;saddlebrook_apper;;;;;;;;;;;x
b_serenity_app;Serenity;Serenity;Serenity;;Serenity;;;;;;;;;x
b_serenity_app_adj;Serenityian;;serenity_apper;;;;;;;;;;;x
b_shelbyville_app;Shelbyville;Shelbyville;Shelbyville;;Shelbyville;;;;;;;;;x
b_shelbyville_app_adj;Shelbyvilleian;;shelbyville_apper;;;;;;;;;;;x
b_south_holston_app;South Holston;South Holston;South Holston;;South Holston;;;;;;;;;x
b_south_holston_app_adj;South Holstonian;;South Holstoner;;;;;;;;;;;x
b_sunset_app;Sunset;Sunset;Sunset;;Sunset;;;;;;;;;x
b_sunset_app_adj;Sunsetian;;sunset_apper;;;;;;;;;;;x
b_tamassee_app;Tamassee;Tamassee;Tamassee;;Tamassee;;;;;;;;;x
b_tamassee_app_adj;Tamasseeian;;tamassee_apper;;;;;;;;;;;x
b_tazewell_app;Tazewell;Tazewell;Tazewell;;Tazewell;;;;;;;;;x
b_tazewell_app_adj;Tazewellian;;tazewell_apper;;;;;;;;;;;x
b_thorn_hill_app;Thorn Hill;Thorn Hill;Thorn Hill;;Thorn Hill;;;;;;;;;x
b_thorn_hill_app_adj;Thorn Hillian;;Thorn Hiller;;;;;;;;;;;x
b_three_springs_app;Three Springs;Three Springs;Three Springs;;Three Springs;;;;;;;;;x
b_three_springs_app_adj;Three Springsian;;Three Springser;;;;;;;;;;;x
b_treadway_app;Treadway;Treadway;Treadway;;Treadway;;;;;;;;;x
b_treadway_app_adj;Treadwayian;;treadway_apper;;;;;;;;;;;x
b_walhalla_app;Walhalla;Walhalla;Walhalla;;Walhalla;;;;;;;;;x
b_walhalla_app_adj;Walhallaian;;walhalla_apper;;;;;;;;;;;x
b_walnut_hill_app;Walnut Hill;Walnut Hill;Walnut Hill;;Walnut Hill;;;;;;;;;x
b_walnut_hill_app_adj;Walnut Hillian;;Walnut Hiller;;;;;;;;;;;x
b_wartrace_app;Wartrace;Wartrace;Wartrace;;Wartrace;;;;;;;;;x
b_wartrace_app_adj;Wartraceian;;wartrace_apper;;;;;;;;;;;x
b_west_union_app;West Union;West Union;West Union;;West Union;;;;;;;;;x
b_west_union_app_adj;West Unionian;;West Unioner;;;;;;;;;;;x
b_westside_app;Westside;Westside;Westside;;Westside;;;;;;;;;x
b_westside_app_adj;Westsideian;;westside_apper;;;;;;;;;;;x
b_whitesburg_app;Whitesburg;Whitesburg;Whitesburg;;Whitesburg;;;;;;;;;x
b_whitesburg_app_adj;Whitesburgian;;whitesburg_apper;;;;;;;;;;;x
b_windsor_app;Windsor;Windsor;Windsor;;Windsor;;;;;;;;;x
b_windsor_app_adj;Windsorian;;windsor_apper;;;;;;;;;;;x
b_witt_app;Witt;Witt;Witt;;Witt;;;;;;;;;x
b_witt_app_adj;Wittian;;witt_apper;;;;;;;;;;;x
b_yoder_app;Yoder;Yoder;Yoder;;Yoder;;;;;;;;;x
b_yoder_app_adj;Yoderian;;yoder_apper;;;;;;;;;;;x
b_york_app;York;York;York;;York;;;;;;;;;x
b_york_app_adj;Yorkian;;york_apper;;;;;;;;;;;x
c_bean_station;Bean Station;Bean Station;Bean Station;;Bean Station;;;;;;;;;x
c_bean_station_adj;Bean Stationian;;Bean Stationer;;;;;;;;;;;x
c_bristol;Bristol;Bristol;Bristol;;Bristol;;;;;;;;;x
c_bristol_adj;Bristolian;;bristoler;;;;;;;;;;;x
c_clayton;Clayton;Clayton;Clayton;;Clayton;;;;;;;;;x
c_clayton_adj;Claytonian;;claytoner;;;;;;;;;;;x
c_dyersburg;Dyersburg;Dyersburg;Dyersburg;;Dyersburg;;;;;;;;;x
c_dyersburg_adj;Dyersburgian;;dyersburger;;;;;;;;;;;x
c_montreat;Montreat;Montreat;Montreat;;Montreat;;;;;;;;;x
c_montreat_adj;Montreatian;;montreater;;;;;;;;;;;x
c_morristown;Morristown;Morristown;Morristown;;Morristown;;;;;;;;;x
c_morristown_adj;Morristownian;;morristowner;;;;;;;;;;;x
c_mountain_city;Mountain City;Mountain City;Mountain City;;Mountain City;;;;;;;;;x
c_mountain_city_adj;Mountain Citian;;Mountain Citer;;;;;;;;;;;x
c_pickens;Pickens;Pickens;Pickens;;Pickens;;;;;;;;;x
c_pickens_adj;Pickensian;;pickenser;;;;;;;;;;;x
c_ringgold;Ringgold;Ringgold;Ringgold;;Ringgold;;;;;;;;;x
c_ringgold_adj;Ringgoldian;;ringgolder;;;;;;;;;;;x
c_shelbyville;Shelbyville;Shelbyville;Shelbyville;;Shelbyville;;;;;;;;;x
c_shelbyville_adj;Shelbyvillean;;shelbyviller;;;;;;;;;;;x
c_tazewell;Tazewell;Tazewell;Tazewell;;Tazewell;;;;;;;;;x
c_tazewell_adj;Tazewellian;;tazeweller;;;;;;;;;;;x
c_walhalla;Walhalla;Walhalla;Walhalla;;Walhalla;;;;;;;;;x
c_walhalla_adj;Walhallan;;walhaller;;;;;;;;;;;x
c_alliford_bay;Alliford Bay;Alliford Bay;Alliford Bay;;Alliford Bay;;;;;;;;;x
c_alliford_bay_adj;Alliford Baian;;Alliford Baer;;;;;;;;;;;x
c_banks;Banks;Banks;Banks;;Banks;;;;;;;;;x
c_banks_adj;Banksian;;bankser;;;;;;;;;;;x
c_dundas;Dundas;Dundas;Dundas;;Dundas;;;;;;;;;x
c_dundas_adj;Dundasian;;dundaser;;;;;;;;;;;x
c_ecstew;Ecstew;Ecstew;Ecstew;;Ecstew;;;;;;;;;x
c_ecstew_adj;Ecstewian;;ecstewer;;;;;;;;;;;x
c_hartley_bay;Hartley Bay;Hartley Bay;Hartley Bay;;Hartley Bay;;;;;;;;;x
c_hartley_bay_adj;Hartley Baian;;Hartley Baer;;;;;;;;;;;x
c_hollis;Hollis;Hollis;Hollis;;Hollis;;;;;;;;;x
c_hollis_adj;Hollisian;;holliser;;;;;;;;;;;x
c_hydaburg;Hydaburg;Hydaburg;Hydaburg;;Hydaburg;;;;;;;;;x
c_hydaburg_adj;Hydaburgian;;hydaburger;;;;;;;;;;;x
c_khutzeymateen;Khutzeymateen;Khutzeymateen;Khutzeymateen;;Khutzeymateen;;;;;;;;;x
c_khutzeymateen_adj;Khutzeymateenian;;khutzeymateener;;;;;;;;;;;x
c_lulu;Lulu;Lulu;Lulu;;Lulu;;;;;;;;;x
c_lulu_adj;Lulian;;luler;;;;;;;;;;;x
c_nisgaa;Nisgaa;Nisgaa;Nisgaa;;Nisgaa;;;;;;;;;x
c_nisgaa_adj;Nisgaan;;nisger;;;;;;;;;;;x
c_pearse;Pearse;Pearse;Pearse;;Pearse;;;;;;;;;x
c_pearse_adj;Pearsean;;pearser;;;;;;;;;;;x
c_pitt;Pitt;Pitt;Pitt;;Pitt;;;;;;;;;x
c_pitt_adj;Pittian;;pitter;;;;;;;;;;;x
c_porcher;Porcher;Porcher;Porcher;;Porcher;;;;;;;;;x
c_porcher_adj;Porcherian;;porcherer;;;;;;;;;;;x
c_port_clements;Port Clements;Port Clements;Port Clements;;Port Clements;;;;;;;;;x
c_port_clements_adj;Port Clementsian;;Port Clementser;;;;;;;;;;;x
c_prince_rupert;Prince Rupert;Prince Rupert;Prince Rupert;;Prince Rupert;;;;;;;;;x
c_prince_rupert_adj;Prince Rupertian;;Prince Ruperter;;;;;;;;;;;x
c_revillagigedo;Revillagigedo;Revillagigedo;Revillagigedo;;Revillagigedo;;;;;;;;;x
c_revillagigedo_adj;Revillagigedian;;revillagigeder;;;;;;;;;;;x
c_terrace;Terrace;Terrace;Terrace;;Terrace;;;;;;;;;x
c_terrace_adj;Terracean;;terracer;;;;;;;;;;;x
c_ward_cove;Ward Cove;Ward Cove;Ward Cove;;Ward Cove;;;;;;;;;x
c_ward_cove_adj;Ward Covean;;Ward Cover;;;;;;;;;;;x
d_grizzly;Grizzly;Grizzly;Grizzly;;Grizzly;;;;;;;;;x
d_grizzly_adj;Grizzlian;;grizzler;;;;;;;;;;;x
d_haida;Haida;Haida;Haida;;Haida;;;;;;;;;x
d_haida_adj;Haidan;;haider;;;;;;;;;;;x
d_kitimat;Kitimat;Kitimat;Kitimat;;Kitimat;;;;;;;;;x
d_kitimat_adj;Kitimatian;;kitimater;;;;;;;;;;;x
d_skeena;Skeena;Skeena;Skeena;;Skeena;;;;;;;;;x
d_skeena_adj;Skeenan;;skeener;;;;;;;;;;;x
d_wales;Wales;Wales;Wales;;Wales;;;;;;;;;x
d_wales_adj;Walesian;;waleser;;;;;;;;;;;x
PROV3319;Ecstew;Ecstew;Ecstew;;;;;;;;;x
PROV3320;Hartley Bay;Hartley Bay;Hartley Bay;;;;;;;;;x
PROV3321;Pitt;Pitt;Pitt;;;;;;;;;x
PROV3322;Banks;Banks;Banks;;;;;;;;;x
PROV3323;Porcher;Porcher;Porcher;;;;;;;;;x
PROV3324;Prince Rupert;Prince Rupert;Prince Rupert;;;;;;;;;x
PROV3325;Khutzeymateen;Khutzeymateen;Khutzeymateen;;;;;;;;;x
PROV3326;Nisgaa;Nisgaa;Nisgaa;;;;;;;;;x
PROV3327;Pearse;Pearse;Pearse;;;;;;;;;x
PROV3328;Dundas;Dundas;Dundas;;;;;;;;;x
PROV3329;Revillagigedo;Revillagigedo;Revillagigedo;;;;;;;;;x
PROV3330;Ward Cove;Ward Cove;Ward Cove;;;;;;;;;x
PROV3331;Hollis;Hollis;Hollis;;;;;;;;;x
PROV3332;Hydaburg;Hydaburg;Hydaburg;;;;;;;;;x
PROV3333;Lulu;Lulu;Lulu;;;;;;;;;x
PROV3334;Port Clements;Port Clements;Port Clements;;;;;;;;;x
PROV3335;Alliford Bay;Alliford Bay;Alliford Bay;;;;;;;;;x
PROV3336;Terrace;Terrace;Terrace;;;;;;;;;x
b_absalom_alsk;Absalom;Absalom;Absalom;;Absalom;;;;;;;;;x
b_absalom_alsk_adj;Absalomian;;absalom_alsker;;;;;;;;;;;x
b_alliford_bay_alsk;Alliford Bay;Alliford Bay;Alliford Bay;;Alliford Bay;;;;;;;;;x
b_alliford_bay_alsk_adj;Alliford Bayian;;Alliford Bayer;;;;;;;;;;;x
b_anger_alsk;Anger;Anger;Anger;;Anger;;;;;;;;;x
b_anger_alsk_adj;Angerian;;anger_alsker;;;;;;;;;;;x
b_antle_alsk;Antle;Antle;Antle;;Antle;;;;;;;;;x
b_antle_alsk_adj;Antleian;;antle_alsker;;;;;;;;;;;x
b_anvil_alsk;Anvil;Anvil;Anvil;;Anvil;;;;;;;;;x
b_anvil_alsk_adj;Anvilian;;anvil_alsker;;;;;;;;;;;x
b_baker_alsk;Baker;Baker;Baker;;Baker;;;;;;;;;x
b_baker_alsk_adj;Bakerian;;baker_alsker;;;;;;;;;;;x
b_balith_alsk;Balith;Balith;Balith;;Balith;;;;;;;;;x
b_balith_alsk_adj;Balithian;;balith_alsker;;;;;;;;;;;x
b_banks_alsk;Banks;Banks;Banks;;Banks;;;;;;;;;x
b_banks_alsk_adj;Banksian;;banks_alsker;;;;;;;;;;;x
b_barnard_alsk;Barnard;Barnard;Barnard;;Barnard;;;;;;;;;x
b_barnard_alsk_adj;Barnardian;;barnard_alsker;;;;;;;;;;;x
b_bokan_alsk;Bokan;Bokan;Bokan;;Bokan;;;;;;;;;x
b_bokan_alsk_adj;Bokanian;;bokan_alsker;;;;;;;;;;;x
b_broad_alsk;Broad;Broad;Broad;;Broad;;;;;;;;;x
b_broad_alsk_adj;Broadian;;broad_alsker;;;;;;;;;;;x
b_campania_alsk;Campania;Campania;Campania;;Campania;;;;;;;;;x
b_campania_alsk_adj;Campaniaian;;campania_alsker;;;;;;;;;;;x
b_caraville_alsk;Caraville;Caraville;Caraville;;Caraville;;;;;;;;;x
b_caraville_alsk_adj;Caravilleian;;caraville_alsker;;;;;;;;;;;x
b_cartwright_alsk;Cartwright;Cartwright;Cartwright;;Cartwright;;;;;;;;;x
b_cartwright_alsk_adj;Cartwrightian;;cartwright_alsker;;;;;;;;;;;x
b_cassiar_alsk;Cassiar;Cassiar;Cassiar;;Cassiar;;;;;;;;;x
b_cassiar_alsk_adj;Cassiarian;;cassiar_alsker;;;;;;;;;;;x
b_christmas_lake_alsk;Christmas Lake;Christmas Lake;Christmas Lake;;Christmas Lake;;;;;;;;;x
b_christmas_lake_alsk_adj;Christmas Lakeian;;Christmas Lakeer;;;;;;;;;;;x
b_claus_alsk;Claus;Claus;Claus;;Claus;;;;;;;;;x
b_claus_alsk_adj;Clausian;;claus_alsker;;;;;;;;;;;x
b_clay_alsk;Clay;Clay;Clay;;Clay;;;;;;;;;x
b_clay_alsk_adj;Clayian;;clay_alsker;;;;;;;;;;;x
b_clover_pass_alsk;Clover Pass;Clover Pass;Clover Pass;;Clover Pass;;;;;;;;;x
b_clover_pass_alsk_adj;Clover Passian;;Clover Passer;;;;;;;;;;;x
b_coquitlam_alsk;Coquitlam;Coquitlam;Coquitlam;;Coquitlam;;;;;;;;;x
b_coquitlam_alsk_adj;Coquitlamian;;coquitlam_alsker;;;;;;;;;;;x
b_cosine_alsk;Cosine;Cosine;Cosine;;Cosine;;;;;;;;;x
b_cosine_alsk_adj;Cosineian;;cosine_alsker;;;;;;;;;;;x
b_craig_alsk;Craig;Craig;Craig;;Craig;;;;;;;;;x
b_craig_alsk_adj;Craigian;;craig_alsker;;;;;;;;;;;x
b_daajing_giids_alsk;Daajing Giids;Daajing Giids;Daajing Giids;;Daajing Giids;;;;;;;;;x
b_daajing_giids_alsk_adj;Daajing Giidsian;;Daajing Giidser;;;;;;;;;;;x
b_dairy_alsk;Dairy;Dairy;Dairy;;Dairy;;;;;;;;;x
b_dairy_alsk_adj;Dairyian;;dairy_alsker;;;;;;;;;;;x
b_dolphin_alsk;Dolphin;Dolphin;Dolphin;;Dolphin;;;;;;;;;x
b_dolphin_alsk_adj;Dolphinian;;dolphin_alsker;;;;;;;;;;;x
b_dora_alsk;Dora;Dora;Dora;;Dora;;;;;;;;;x
b_dora_alsk_adj;Doraian;;dora_alsker;;;;;;;;;;;x
b_doreen_alsk;Doreen;Doreen;Doreen;;Doreen;;;;;;;;;x
b_doreen_alsk_adj;Doreenian;;doreen_alsker;;;;;;;;;;;x
b_driscoll_alsk;Driscoll;Driscoll;Driscoll;;Driscoll;;;;;;;;;x
b_driscoll_alsk_adj;Driscollian;;driscoll_alsker;;;;;;;;;;;x
b_dundas_alsk;Dundas;Dundas;Dundas;;Dundas;;;;;;;;;x
b_dundas_alsk_adj;Dundasian;;dundas_alsker;;;;;;;;;;;x
b_dunira_alsk;Dunira;Dunira;Dunira;;Dunira;;;;;;;;;x
b_dunira_alsk_adj;Duniraian;;dunira_alsker;;;;;;;;;;;x
b_ecstew_alsk;Ecstew;Ecstew;Ecstew;;Ecstew;;;;;;;;;x
b_ecstew_alsk_adj;Ecstewian;;ecstew_alsker;;;;;;;;;;;x
b_elisa_alsk;Elisa;Elisa;Elisa;;Elisa;;;;;;;;;x
b_elisa_alsk_adj;Elisaian;;elisa_alsker;;;;;;;;;;;x
b_farrant_alsk;Farrant;Farrant;Farrant;;Farrant;;;;;;;;;x
b_farrant_alsk_adj;Farrantian;;farrant_alsker;;;;;;;;;;;x
b_fin_alsk;Fin;Fin;Fin;;Fin;;;;;;;;;x
b_fin_alsk_adj;Finian;;fin_alsker;;;;;;;;;;;x
b_gellion_alsk;Gellion;Gellion;Gellion;;Gellion;;;;;;;;;x
b_gellion_alsk_adj;Gellionian;;gellion_alsker;;;;;;;;;;;x
b_georgetown_mills_alsk;Georgetown Mills;Georgetown Mills;Georgetown Mills;;Georgetown Mills;;;;;;;;;x
b_georgetown_mills_alsk_adj;Georgetown Millsian;;Georgetown Millser;;;;;;;;;;;x
b_gil_alsk;Gil;Gil;Gil;;Gil;;;;;;;;;x
b_gil_alsk_adj;Gilian;;gil_alsker;;;;;;;;;;;x
b_gingolx_alsk;Gingolx;Gingolx;Gingolx;;Gingolx;;;;;;;;;x
b_gingolx_alsk_adj;Gingolxian;;gingolx_alsker;;;;;;;;;;;x
b_gitnadoiks_alsk;Gitnadoiks;Gitnadoiks;Gitnadoiks;;Gitnadoiks;;;;;;;;;x
b_gitnadoiks_alsk_adj;Gitnadoiksian;;gitnadoiks_alsker;;;;;;;;;;;x
b_gitwinksihlkw_alsk;Gitwinksihlkw;Gitwinksihlkw;Gitwinksihlkw;;Gitwinksihlkw;;;;;;;;;x
b_gitwinksihlkw_alsk_adj;Gitwinksihlkwian;;gitwinksihlkw_alsker;;;;;;;;;;;x
b_goschen_alsk;Goschen;Goschen;Goschen;;Goschen;;;;;;;;;x
b_goschen_alsk_adj;Goschenian;;goschen_alsker;;;;;;;;;;;x
b_hartley_bay_alsk;Hartley Bay;Hartley Bay;Hartley Bay;;Hartley Bay;;;;;;;;;x
b_hartley_bay_alsk_adj;Hartley Bayian;;Hartley Bayer;;;;;;;;;;;x
b_hecate_alsk;Hecate;Hecate;Hecate;;Hecate;;;;;;;;;x
b_hecate_alsk_adj;Hecateian;;hecate_alsker;;;;;;;;;;;x
b_hetta_alsk;Hetta;Hetta;Hetta;;Hetta;;;;;;;;;x
b_hetta_alsk_adj;Hettaian;;hetta_alsker;;;;;;;;;;;x
b_hollis_alsk;Hollis;Hollis;Hollis;;Hollis;;;;;;;;;x
b_hollis_alsk_adj;Hollisian;;hollis_alsker;;;;;;;;;;;x
b_hubert_alsk;Hubert;Hubert;Hubert;;Hubert;;;;;;;;;x
b_hubert_alsk_adj;Hubertian;;hubert_alsker;;;;;;;;;;;x
b_hydaburg_alsk;Hydaburg;Hydaburg;Hydaburg;;Hydaburg;;;;;;;;;x
b_hydaburg_alsk_adj;Hydaburgian;;hydaburg_alsker;;;;;;;;;;;x
b_juskatla_alsk;Juskatla;Juskatla;Juskatla;;Juskatla;;;;;;;;;x
b_juskatla_alsk_adj;Juskatlaian;;juskatla_alsker;;;;;;;;;;;x
b_kallim_alsk;Kallim;Kallim;Kallim;;Kallim;;;;;;;;;x
b_kallim_alsk_adj;Kallimian;;kallim_alsker;;;;;;;;;;;x
b_kawwan_alsk;Kawwan;Kawwan;Kawwan;;Kawwan;;;;;;;;;x
b_kawwan_alsk_adj;Kawwanian;;kawwan_alsker;;;;;;;;;;;x
b_ketchikan_alsk;Ketchikan;Ketchikan;Ketchikan;;Ketchikan;;;;;;;;;x
b_ketchikan_alsk_adj;Ketchikanian;;ketchikan_alsker;;;;;;;;;;;x
b_khutzeymateen_alsk;Khutzeymateen;Khutzeymateen;Khutzeymateen;;Khutzeymateen;;;;;;;;;x
b_khutzeymateen_alsk_adj;Khutzeymateenian;;khutzeymateen_alsker;;;;;;;;;;;x
b_kincolith_alsk;Kincolith;Kincolith;Kincolith;;Kincolith;;;;;;;;;x
b_kincolith_alsk_adj;Kincolithian;;kincolith_alsker;;;;;;;;;;;x
b_kirkendale_alsk;Kirkendale;Kirkendale;Kirkendale;;Kirkendale;;;;;;;;;x
b_kirkendale_alsk_adj;Kirkendaleian;;kirkendale_alsker;;;;;;;;;;;x
b_kitkatla_alsk;Kitkatla;Kitkatla;Kitkatla;;Kitkatla;;;;;;;;;x
b_kitkatla_alsk_adj;Kitkatlaian;;kitkatla_alsker;;;;;;;;;;;x
b_kitselas_alsk;Kitselas;Kitselas;Kitselas;;Kitselas;;;;;;;;;x
b_kitselas_alsk_adj;Kitselasian;;kitselas_alsker;;;;;;;;;;;x
b_klawock_alsk;Klawock;Klawock;Klawock;;Klawock;;;;;;;;;x
b_klawock_alsk_adj;Klawockian;;klawock_alsker;;;;;;;;;;;x
b_kutzer_alsk;Kutzer;Kutzer;Kutzer;;Kutzer;;;;;;;;;x
b_kutzer_alsk_adj;Kutzerian;;kutzer_alsker;;;;;;;;;;;x
b_lakel_alsk;Lakel;Lakel;Lakel;;Lakel;;;;;;;;;x
b_lakel_alsk_adj;Lakelian;;lakel_alsker;;;;;;;;;;;x
b_lax_kwalaams_alsk;Lax Kwalaams;Lax Kwalaams;Lax Kwalaams;;Lax Kwalaams;;;;;;;;;x
b_lax_kwalaams_alsk_adj;Lax Kwalaamsian;;Lax Kwalaamser;;;;;;;;;;;x
b_laxgaltsap_alsk;Laxgaltsap;Laxgaltsap;Laxgaltsap;;Laxgaltsap;;;;;;;;;x
b_laxgaltsap_alsk_adj;Laxgaltsapian;;laxgaltsap_alsker;;;;;;;;;;;x
b_lincoln_alsk;Lincoln;Lincoln;Lincoln;;Lincoln;;;;;;;;;x
b_lincoln_alsk_adj;Lincolnian;;lincoln_alsker;;;;;;;;;;;x
b_litterack_alsk;Litterack;Litterack;Litterack;;Litterack;;;;;;;;;x
b_litterack_alsk_adj;Litterackian;;litterack_alsker;;;;;;;;;;;x
b_louise_alsk;Louise;Louise;Louise;;Louise;;;;;;;;;x
b_louise_alsk_adj;Louiseian;;louise_alsker;;;;;;;;;;;x
b_lulu_alsk;Lulu;Lulu;Lulu;;Lulu;;;;;;;;;x
b_lulu_alsk_adj;Luluian;;lulu_alsker;;;;;;;;;;;x
b_marge_alsk;Marge;Marge;Marge;;Marge;;;;;;;;;x
b_marge_alsk_adj;Margeian;;marge_alsker;;;;;;;;;;;x
b_masset_alsk;Masset;Masset;Masset;;Masset;;;;;;;;;x
b_masset_alsk_adj;Massetian;;masset_alsker;;;;;;;;;;;x
b_masterson_alsk;Masterson;Masterson;Masterson;;Masterson;;;;;;;;;x
b_masterson_alsk_adj;Mastersonian;;masterson_alsker;;;;;;;;;;;x
b_mealdread_alsk;Mealdread;Mealdread;Mealdread;;Mealdread;;;;;;;;;x
b_mealdread_alsk_adj;Mealdreadian;;mealdread_alsker;;;;;;;;;;;x
b_meffistown_alsk;Meffistown;Meffistown;Meffistown;;Meffistown;;;;;;;;;x
b_meffistown_alsk_adj;Meffistownian;;meffistown_alsker;;;;;;;;;;;x
b_melville_alsk;Melville;Melville;Melville;;Melville;;;;;;;;;x
b_melville_alsk_adj;Melvilleian;;melville_alsker;;;;;;;;;;;x
b_merullow_alsk;Merullow;Merullow;Merullow;;Merullow;;;;;;;;;x
b_merullow_alsk_adj;Merullowian;;merullow_alsker;;;;;;;;;;;x
b_metlakatla_alsk;Metlakatla;Metlakatla;Metlakatla;;Metlakatla;;;;;;;;;x
b_metlakatla_alsk_adj;Metlakatlaian;;metlakatla_alsker;;;;;;;;;;;x
b_miller_alsk;Miller;Miller;Miller;;Miller;;;;;;;;;x
b_miller_alsk_adj;Millerian;;miller_alsker;;;;;;;;;;;x
b_moffatt_alsk;Moffatt;Moffatt;Moffatt;;Moffatt;;;;;;;;;x
b_moffatt_alsk_adj;Moffattian;;moffatt_alsker;;;;;;;;;;;x
b_monkley_alsk;Monkley;Monkley;Monkley;;Monkley;;;;;;;;;x
b_monkley_alsk_adj;Monkleyian;;monkley_alsker;;;;;;;;;;;x
b_mothner_alsk;Mothner;Mothner;Mothner;;Mothner;;;;;;;;;x
b_mothner_alsk_adj;Mothnerian;;mothner_alsker;;;;;;;;;;;x
b_murdocktown_alsk;Murdocktown;Murdocktown;Murdocktown;;Murdocktown;;;;;;;;;x
b_murdocktown_alsk_adj;Murdocktownian;;murdocktown_alsker;;;;;;;;;;;x
b_nadon_alsk;Nadon;Nadon;Nadon;;Nadon;;;;;;;;;x
b_nadon_alsk_adj;Nadonian;;nadon_alsker;;;;;;;;;;;x
b_narwick_alsk;Narwick;Narwick;Narwick;;Narwick;;;;;;;;;x
b_narwick_alsk_adj;Narwickian;;narwick_alsker;;;;;;;;;;;x
b_naukati_alsk;Naukati;Naukati;Naukati;;Naukati;;;;;;;;;x
b_naukati_alsk_adj;Naukatiian;;naukati_alsker;;;;;;;;;;;x
b_nichol_alsk;Nichol;Nichol;Nichol;;Nichol;;;;;;;;;x
b_nichol_alsk_adj;Nicholian;;nichol_alsker;;;;;;;;;;;x
b_nisgaa_alsk;Nisgaa;Nisgaa;Nisgaa;;Nisgaa;;;;;;;;;x
b_nisgaa_alsk_adj;Nisgaaian;;nisgaa_alsker;;;;;;;;;;;x
b_noyes_alsk;Noyes;Noyes;Noyes;;Noyes;;;;;;;;;x
b_noyes_alsk_adj;Noyesian;;noyes_alsker;;;;;;;;;;;x
b_oscar_alsk;Oscar;Oscar;Oscar;;Oscar;;;;;;;;;x
b_oscar_alsk_adj;Oscarian;;oscar_alsker;;;;;;;;;;;x
b_pacific_alsk;Pacific;Pacific;Pacific;;Pacific;;;;;;;;;x
b_pacific_alsk_adj;Pacifician;;pacific_alsker;;;;;;;;;;;x
b_pearse_alsk;Pearse;Pearse;Pearse;;Pearse;;;;;;;;;x
b_pearse_alsk_adj;Pearseian;;pearse_alsker;;;;;;;;;;;x
b_pickick_alsk;Pickick;Pickick;Pickick;;Pickick;;;;;;;;;x
b_pickick_alsk_adj;Pickickian;;pickick_alsker;;;;;;;;;;;x
b_pitt_alsk;Pitt;Pitt;Pitt;;Pitt;;;;;;;;;x
b_pitt_alsk_adj;Pittian;;pitt_alsker;;;;;;;;;;;x
b_podenia_alsk;Podenia;Podenia;Podenia;;Podenia;;;;;;;;;x
b_podenia_alsk_adj;Podeniaian;;podenia_alsker;;;;;;;;;;;x
b_porcher_alsk;Porcher;Porcher;Porcher;;Porcher;;;;;;;;;x
b_porcher_alsk_adj;Porcherian;;porcher_alsker;;;;;;;;;;;x
b_port_clements_alsk;Port Clements;Port Clements;Port Clements;;Port Clements;;;;;;;;;x
b_port_clements_alsk_adj;Port Clementsian;;Port Clementser;;;;;;;;;;;x
b_port_edward_alsk;Port Edward;Port Edward;Port Edward;;Port Edward;;;;;;;;;x
b_port_edward_alsk_adj;Port Edwardian;;Port Edwarder;;;;;;;;;;;x
b_port_protection_alsk;Port Protection;Port Protection;Port Protection;;Port Protection;;;;;;;;;x
b_port_protection_alsk_adj;Port Protectionian;;Port Protectioner;;;;;;;;;;;x
b_prince_rupert_alsk;Prince Rupert;Prince Rupert;Prince Rupert;;Prince Rupert;;;;;;;;;x
b_prince_rupert_alsk_adj;Prince Rupertian;;Prince Ruperter;;;;;;;;;;;x
b_promise_alsk;Promise;Promise;Promise;;Promise;;;;;;;;;x
b_promise_alsk_adj;Promiseian;;promise_alsker;;;;;;;;;;;x
b_rackler_alsk;Rackler;Rackler;Rackler;;Rackler;;;;;;;;;x
b_rackler_alsk_adj;Racklerian;;rackler_alsker;;;;;;;;;;;x
b_rainfor_alsk;Rainfor;Rainfor;Rainfor;;Rainfor;;;;;;;;;x
b_rainfor_alsk_adj;Rainforian;;rainfor_alsker;;;;;;;;;;;x
b_randall_alsk;Randall;Randall;Randall;;Randall;;;;;;;;;x
b_randall_alsk_adj;Randallian;;randall_alsker;;;;;;;;;;;x
b_red_hill_alsk;Red Hill;Red Hill;Red Hill;;Red Hill;;;;;;;;;x
b_red_hill_alsk_adj;Red Hillian;;Red Hiller;;;;;;;;;;;x
b_remo_alsk;Remo;Remo;Remo;;Remo;;;;;;;;;x
b_remo_alsk_adj;Remoian;;remo_alsker;;;;;;;;;;;x
b_revillagigedo_alsk;Revillagigedo;Revillagigedo;Revillagigedo;;Revillagigedo;;;;;;;;;x
b_revillagigedo_alsk_adj;Revillagigedoian;;revillagigedo_alsker;;;;;;;;;;;x
b_rosswood_alsk;Rosswood;Rosswood;Rosswood;;Rosswood;;;;;;;;;x
b_rosswood_alsk_adj;Rosswoodian;;rosswood_alsker;;;;;;;;;;;x
b_ryback_alsk;Ryback;Ryback;Ryback;;Ryback;;;;;;;;;x
b_ryback_alsk_adj;Rybackian;;ryback_alsker;;;;;;;;;;;x
b_san_fernando_alsk;San Fernando;San Fernando;San Fernando;;San Fernando;;;;;;;;;x
b_san_fernando_alsk_adj;San Fernandoian;;San Fernandoer;;;;;;;;;;;x
b_sandspit_alsk;Sandspit;Sandspit;Sandspit;;Sandspit;;;;;;;;;x
b_sandspit_alsk_adj;Sandspitian;;sandspit_alsker;;;;;;;;;;;x
b_satrack_alsk;Satrack;Satrack;Satrack;;Satrack;;;;;;;;;x
b_satrack_alsk_adj;Satrackian;;satrack_alsker;;;;;;;;;;;x
b_saxman_alsk;Saxman;Saxman;Saxman;;Saxman;;;;;;;;;x
b_saxman_alsk_adj;Saxmanian;;saxman_alsker;;;;;;;;;;;x
b_shadforth_alsk;Shadforth;Shadforth;Shadforth;;Shadforth;;;;;;;;;x
b_shadforth_alsk_adj;Shadforthian;;shadforth_alsker;;;;;;;;;;;x
b_shakes_alsk;Shakes;Shakes;Shakes;;Shakes;;;;;;;;;x
b_shakes_alsk_adj;Shakesian;;shakes_alsker;;;;;;;;;;;x
b_skidegate_alsk;Skidegate;Skidegate;Skidegate;;Skidegate;;;;;;;;;x
b_skidegate_alsk_adj;Skidegateian;;skidegate_alsker;;;;;;;;;;;x
b_smith_alsk;Smith;Smith;Smith;;Smith;;;;;;;;;x
b_smith_alsk_adj;Smithian;;smith_alsker;;;;;;;;;;;x
b_summit_alsk;Summit;Summit;Summit;;Summit;;;;;;;;;x
b_summit_alsk_adj;Summitian;;summit_alsker;;;;;;;;;;;x
b_sunrise_alsk;Sunrise;Sunrise;Sunrise;;Sunrise;;;;;;;;;x
b_sunrise_alsk_adj;Sunriseian;;sunrise_alsker;;;;;;;;;;;x
b_terrace_alsk;Terrace;Terrace;Terrace;;Terrace;;;;;;;;;x
b_terrace_alsk_adj;Terraceian;;terrace_alsker;;;;;;;;;;;x
b_tlell_alsk;Tlell;Tlell;Tlell;;Tlell;;;;;;;;;x
b_tlell_alsk_adj;Tlellian;;tlell_alsker;;;;;;;;;;;x
b_usk_alsk;Usk;Usk;Usk;;Usk;;;;;;;;;x
b_usk_alsk_adj;Uskian;;usk_alsker;;;;;;;;;;;x
b_vailreek_alsk;Vailreek;Vailreek;Vailreek;;Vailreek;;;;;;;;;x
b_vailreek_alsk_adj;Vailreekian;;vailreek_alsker;;;;;;;;;;;x
b_valpy_alsk;Valpy;Valpy;Valpy;;Valpy;;;;;;;;;x
b_valpy_alsk_adj;Valpyian;;valpy_alsker;;;;;;;;;;;x
b_ward_cove_alsk;Ward Cove;Ward Cove;Ward Cove;;Ward Cove;;;;;;;;;x
b_ward_cove_alsk_adj;Ward Coveian;;Ward Coveer;;;;;;;;;;;x
b_ward_cove_alsk_2;Ward Cove;Ward Cove;Ward Cove;;Ward Cove;;;;;;;;;x
b_ward_cove_alsk_2_adj;Ward Coveian;;Ward Coveer;;;;;;;;;;;x
b_whale_pass_alsk;Whale Pass;Whale Pass;Whale Pass;;Whale Pass;;;;;;;;;x
b_whale_pass_alsk_adj;Whale Passian;;Whale Passer;;;;;;;;;;;x
b_wooden_wheel_alsk;Wooden Wheel;Wooden Wheel;Wooden Wheel;;Wooden Wheel;;;;;;;;;x
b_wooden_wheel_alsk_adj;Wooden Wheelian;;Wooden Wheeler;;;;;;;;;;;x
b_wreck_alsk;Wreck;Wreck;Wreck;;Wreck;;;;;;;;;x
b_wreck_alsk_adj;Wreckian;;wreck_alsker;;;;;;;;;;;x
b_zarkey_alsk;Zarkey;Zarkey;Zarkey;;Zarkey;;;;;;;;;x
b_zarkey_alsk_adj;Zarkeyian;;zarkey_alsker;;;;;;;;;;;x
b_zayas_alsk;Zayas;Zayas;Zayas;;Zayas;;;;;;;;;x
b_zayas_alsk_adj;Zayasian;;zayas_alsker;;;;;;;;;;;x
k_wrangelia;Wrangelia;Wrangelia;Wrangelia;;Wrangelia;;;;;;;;;x
k_wrangelia_adj;Wrangelian;;wrangeler;;;;;;;;;;;x
c_daajing_giids;Daajing Giids;Daajing Giids;Daajing Giids;;Daajing Giids;;;;;;;;;x
c_daajing_giids_adj;Daajing Giidsian;;Daajing Giidser;;;;;;;;;;;x
c_juskatla;Juskatla;Juskatla;Juskatla;;Juskatla;;;;;;;;;x
c_juskatla_adj;Juskatlan;;juskatler;;;;;;;;;;;x
c_terrace;Terrace;Terrace;Terrace;;Terrace;;;;;;;;;x
c_terrace_adj;Terracean;;terracer;;;;;;;;;;;x
c_tlell;Tlell;Tlell;Tlell;;Tlell;;;;;;;;;x
c_tlell_adj;Tlellian;;tleller;;;;;;;;;;;x
PROV3337;Tlell;Tlell;Tlell;;;;;;;;;x
PROV3338;Daajing Giids;Daajing Giids;Daajing Giids;;;;;;;;;x
PROV3339;Juskatla;Juskatla;Juskatla;;;;;;;;;x
b_blacktail_alsk;Blacktail;Blacktail;Blacktail;;Blacktail;;;;;;;;;x
b_blacktail_alsk_adj;Blacktailian;;blacktail_alsker;;;;;;;;;;;x
b_cacillia_alsk;Cacillia;Cacillia;Cacillia;;Cacillia;;;;;;;;;x
b_cacillia_alsk_adj;Cacilliaian;;cacillia_alsker;;;;;;;;;;;x
b_charlie_hartie_alsk;Charlie Hartie;Charlie Hartie;Charlie Hartie;;Charlie Hartie;;;;;;;;;x
b_charlie_hartie_alsk_adj;Charlie Hartieian;;Charlie Hartieer;;;;;;;;;;;x
b_chown_brook_alsk;Chown Brook;Chown Brook;Chown Brook;;Chown Brook;;;;;;;;;x
b_chown_brook_alsk_adj;Chown Brookian;;Chown Brooker;;;;;;;;;;;x
b_crows_nest_alsk;Crows Nest;Crows Nest;Crows Nest;;Crows Nest;;;;;;;;;x
b_crows_nest_alsk_adj;Crows Nestian;;Crows Nester;;;;;;;;;;;x
b_eden_alsk;Eden;Eden;Eden;;Eden;;;;;;;;;x
b_eden_alsk_adj;Edenian;;eden_alsker;;;;;;;;;;;x
b_ian_alsk;Ian;Ian;Ian;;Ian;;;;;;;;;x
b_ian_alsk_adj;Ianian;;ian_alsker;;;;;;;;;;;x
b_krajina_alsk;Krajina;Krajina;Krajina;;Krajina;;;;;;;;;x
b_krajina_alsk_adj;Krajinaian;;krajina_alsker;;;;;;;;;;;x
b_langara_alsk;Langara;Langara;Langara;;Langara;;;;;;;;;x
b_langara_alsk_adj;Langaraian;;langara_alsker;;;;;;;;;;;x
b_mercer_alsk;Mercer;Mercer;Mercer;;Mercer;;;;;;;;;x
b_mercer_alsk_adj;Mercerian;;mercer_alsker;;;;;;;;;;;x
b_misty_meadows_alsk;Misty Meadows;Misty Meadows;Misty Meadows;;Misty Meadows;;;;;;;;;x
b_misty_meadows_alsk_adj;Misty Meadowsian;;Misty Meadowser;;;;;;;;;;;x
b_pesuta_alsk;Pesuta;Pesuta;Pesuta;;Pesuta;;;;;;;;;x
b_pesuta_alsk_adj;Pesutaian;;pesuta_alsker;;;;;;;;;;;x
b_port_clements_alsk;Port Clements;Port Clements;Port Clements;;Port Clements;;;;;;;;;x
b_port_clements_alsk_adj;Port Clementsian;;Port Clementser;;;;;;;;;;;x
b_regier_alsk;Regier;Regier;Regier;;Regier;;;;;;;;;x
b_regier_alsk_adj;Regierian;;regier_alsker;;;;;;;;;;;x
b_sangan_alsk;Sangan;Sangan;Sangan;;Sangan;;;;;;;;;x
b_sangan_alsk_adj;Sanganian;;sangan_alsker;;;;;;;;;;;x
b_sea_raven_alsk;Sea Raven;Sea Raven;Sea Raven;;Sea Raven;;;;;;;;;x
b_sea_raven_alsk_adj;Sea Ravenian;;Sea Ravener;;;;;;;;;;;x
b_skyfall_alsk;Skyfall;Skyfall;Skyfall;;Skyfall;;;;;;;;;x
b_skyfall_alsk_adj;Skyfallian;;skyfall_alsker;;;;;;;;;;;x
b_taaw_tldaaw_alsk;Taaw Tldaaw;Taaw Tldaaw;Taaw Tldaaw;;Taaw Tldaaw;;;;;;;;;x
b_taaw_tldaaw_alsk_adj;Taaw Tldaawian;;Taaw Tldaawer;;;;;;;;;;;x
b_tow_hill_alsk;Tow Hill;Tow Hill;Tow Hill;;Tow Hill;;;;;;;;;x
b_tow_hill_alsk_adj;Tow Hillian;;Tow Hiller;;;;;;;;;;;x
b_vladimir_alsk;Vladimir;Vladimir;Vladimir;;Vladimir;;;;;;;;;x
b_vladimir_alsk_adj;Vladimirian;;vladimir_alsker;;;;;;;;;;;x
b_white_creek_alsk;White Creek;White Creek;White Creek;;White Creek;;;;;;;;;x
b_white_creek_alsk_adj;White Creekian;;White Creeker;;;;;;;;;;;x
b_yellowhead_alsk;Yellowhead;Yellowhead;Yellowhead;;Yellowhead;;;;;;;;;x
b_yellowhead_alsk_adj;Yellowheadian;;yellowhead_alsker;;;;;;;;;;;x
PROV3340;Princess Royal;Princess Royal;Princess Royal;;;;;;;;;x
PROV3341;Van Buren;Van Buren;Van Buren;;;;;;;;;x
PROV3342;Honobia;Honobia;Honobia;;;;;;;;;x
PROV3343;Heavener;Heavener;Heavener;;;;;;;;;x
c_heavener;Heavener;Heavener;Heavener;;Heavener;;;;;;;;;x
c_heavener_adj;Heavenerian;;heavenerer;;;;;;;;;;;x
c_honobia;Honobia;Honobia;Honobia;;Honobia;;;;;;;;;x
c_honobia_adj;Honobian;;honober;;;;;;;;;;;x
c_princess_royal;Princess Royal;Princess Royal;Princess Royal;;Princess Royal;;;;;;;;;x
c_princess_royal_adj;Princess Royalian;;Princess Royaler;;;;;;;;;;;x
c_van_buren;Van Buren;Van Buren;Van Buren;;Van Buren;;;;;;;;;x
c_van_buren_adj;Van Burenian;;Van Burener;;;;;;;;;;;x
b_alma_ariz;Alma;Alma;Alma;;Alma;;;;;;;;;x
b_alma_ariz_adj;Almaian;;alma_arizer;;;;;;;;;;;x
b_anchor_alsk;Anchor;Anchor;Anchor;;Anchor;;;;;;;;;x
b_anchor_alsk_adj;Anchorian;;anchor_alsker;;;;;;;;;;;x
b_bates_ariz;Bates;Bates;Bates;;Bates;;;;;;;;;x
b_bates_ariz_adj;Batesian;;bates_arizer;;;;;;;;;;;x
b_battiest_ariz;Battiest;Battiest;Battiest;;Battiest;;;;;;;;;x
b_battiest_ariz_adj;Battiestian;;battiest_arizer;;;;;;;;;;;x
b_bear_alsk;Bear;Bear;Bear;;Bear;;;;;;;;;x
b_bear_alsk_adj;Bearian;;bear_alsker;;;;;;;;;;;x
b_bethel_ariz;Bethel;Bethel;Bethel;;Bethel;;;;;;;;;x
b_bethel_ariz_adj;Bethelian;;bethel_arizer;;;;;;;;;;;x
b_bloomfield_alsk;Bloomfield;Bloomfield;Bloomfield;;Bloomfield;;;;;;;;;x
b_bloomfield_alsk_adj;Bloomfieldian;;bloomfield_alsker;;;;;;;;;;;x
b_dora_ariz;Dora;Dora;Dora;;Dora;;;;;;;;;x
b_dora_ariz_adj;Doraian;;dora_arizer;;;;;;;;;;;x
b_dyer_ariz;Dyer;Dyer;Dyer;;Dyer;;;;;;;;;x
b_dyer_ariz_adj;Dyerian;;dyer_arizer;;;;;;;;;;;x
b_fewell_ariz;Fewell;Fewell;Fewell;;Fewell;;;;;;;;;x
b_fewell_ariz_adj;Fewellian;;fewell_arizer;;;;;;;;;;;x
b_freeman_ariz;Freeman;Freeman;Freeman;;Freeman;;;;;;;;;x
b_freeman_ariz_adj;Freemanian;;freeman_arizer;;;;;;;;;;;x
b_heavener_ariz;Heavener;Heavener;Heavener;;Heavener;;;;;;;;;x
b_heavener_ariz_adj;Heavenerian;;heavener_arizer;;;;;;;;;;;x
b_hodgen_ariz;Hodgen;Hodgen;Hodgen;;Hodgen;;;;;;;;;x
b_hodgen_ariz_adj;Hodgenian;;hodgen_arizer;;;;;;;;;;;x
b_honobia_ariz;Honobia;Honobia;Honobia;;Honobia;;;;;;;;;x
b_honobia_ariz_adj;Honobiaian;;honobia_arizer;;;;;;;;;;;x
b_howe_ariz;Howe;Howe;Howe;;Howe;;;;;;;;;x
b_howe_ariz_adj;Howeian;;howe_arizer;;;;;;;;;;;x
b_kelly_branch_ariz;Kelly Branch;Kelly Branch;Kelly Branch;;Kelly Branch;;;;;;;;;x
b_kelly_branch_ariz_adj;Kelly Branchian;;Kelly Brancher;;;;;;;;;;;x
b_kibler_ariz;Kibler;Kibler;Kibler;;Kibler;;;;;;;;;x
b_kibler_ariz_adj;Kiblerian;;kibler_arizer;;;;;;;;;;;x
b_nola_ariz;Nola;Nola;Nola;;Nola;;;;;;;;;x
b_nola_ariz_adj;Nolaian;;nola_arizer;;;;;;;;;;;x
b_octavia_ariz;Octavia;Octavia;Octavia;;Octavia;;;;;;;;;x
b_octavia_ariz_adj;Octaviaian;;octavia_arizer;;;;;;;;;;;x
b_pickens_ariz;Pickens;Pickens;Pickens;;Pickens;;;;;;;;;x
b_pickens_ariz_adj;Pickensian;;pickens_arizer;;;;;;;;;;;x
b_princess_royal_alsk;Princess Royal;Princess Royal;Princess Royal;;Princess Royal;;;;;;;;;x
b_princess_royal_alsk_adj;Princess Royalian;;Princess Royaler;;;;;;;;;;;x
b_rennison_alsk;Rennison;Rennison;Rennison;;Rennison;;;;;;;;;x
b_rennison_alsk_adj;Rennisonian;;rennison_alsker;;;;;;;;;;;x
b_sarah_alsk;Sarah;Sarah;Sarah;;Sarah;;;;;;;;;x
b_sarah_alsk_adj;Sarahian;;sarah_alsker;;;;;;;;;;;x
b_tankersley_ariz;Tankersley;Tankersley;Tankersley;;Tankersley;;;;;;;;;x
b_tankersley_ariz_adj;Tankersleyian;;tankersley_arizer;;;;;;;;;;;x
b_tanyand_alsk;Tanyand;Tanyand;Tanyand;;Tanyand;;;;;;;;;x
b_tanyand_alsk_adj;Tanyandian;;tanyand_alsker;;;;;;;;;;;x
b_van_buren_ariz;Van Buren;Van Buren;Van Buren;;Van Buren;;;;;;;;;x
b_van_buren_ariz_adj;Van Burenian;;Van Burener;;;;;;;;;;;x
b_westville_ariz;Westville;Westville;Westville;;Westville;;;;;;;;;x
b_westville_ariz_adj;Westvilleian;;westville_arizer;;;;;;;;;;;x
b_wister_ariz;Wister;Wister;Wister;;Wister;;;;;;;;;x
b_wister_ariz_adj;Wisterian;;wister_arizer;;;;;;;;;;;x
PROV3344;Farmington;Farmington;Farmington;;;;;;;;;x
PROV3345;Grants;Grants;Grants;;;;;;;;;x
PROV3346;San Rafael;San Rafael;San Rafael;;;;;;;;;x
PROV3347;San Antonio;San Antonio;San Antonio;;;;;;;;;x
PROV3348;Teorsee;Teorsee;Teorsee;;;;;;;;;x
PROV3349;Silver City;Silver City;Silver City;;;;;;;;;x
PROV3350;Las Cruces;Las Cruces;Las Cruces;;;;;;;;;x
PROV3351;Mescalero;Mescalero;Mescalero;;;;;;;;;x
PROV3352;Escondida;Escondida;Escondida;;;;;;;;;x
PROV3353;Belen;Belen;Belen;;;;;;;;;x
PROV3354;Albuquerque;Albuquerque;Albuquerque;;;;;;;;;x
PROV3355;Carlsbad;Carlsbad;Carlsbad;;;;;;;;;x
PROV3356;Artesia;Artesia;Artesia;;;;;;;;;x
PROV3357;Lovington;Lovington;Lovington;;;;;;;;;x
PROV3358;Kenna;Kenna;Kenna;;;;;;;;;x
PROV3359;Roswell;Roswell;Roswell;;;;;;;;;x
PROV3360;Vaughn;Vaughn;Vaughn;;;;;;;;;x
PROV3361;Wheatland;Wheatland;Wheatland;;;;;;;;;x
PROV3362;Santa Rosa;Santa Rosa;Santa Rosa;;;;;;;;;x
PROV3363;Watrous;Watrous;Watrous;;;;;;;;;x
PROV3364;Capulin;Capulin;Capulin;;;;;;;;;x
PROV3365;Raton;Raton;Raton;;;;;;;;;x
d_bernalillo;Bernalillo;Bernalillo;Bernalillo;;Bernalillo;;;;;;;;;x
d_bernalillo_adj;Bernalillian;;bernaliller;;;;;;;;;;;x
d_curry;Curry;Curry;Curry;;Curry;;;;;;;;;x
d_curry_adj;Currian;;currer;;;;;;;;;;;x
d_grant;Grant;Grant;Grant;;Grant;;;;;;;;;x
d_grant_adj;Grantian;;granter;;;;;;;;;;;x
d_great_albuquerque;Great Albuquerque;Great Albuquerque;Great Albuquerque;;Great Albuquerque;;;;;;;;;x
d_great_albuquerque_adj;Great Albuquerquean;;Great Albuquerqer;;;;;;;;;;;x
d_lea;Lea;Lea;Lea;;Lea;;;;;;;;;x
d_lea_adj;Lean;;ler;;;;;;;;;;;x
d_mckinley;McKinley;McKinley;McKinley;;McKinley;;;;;;;;;x
d_mckinley_adj;McKinleian;;mckinleer;;;;;;;;;;;x
d_quay;Quay;Quay;Quay;;Quay;;;;;;;;;x
d_quay_adj;Quaian;;quaer;;;;;;;;;;;x
d_rio_arriba;Rio Arriba;Rio Arriba;Rio Arriba;;Rio Arriba;;;;;;;;;x
d_rio_arriba_adj;Rio Arriban;;Rio Arriber;;;;;;;;;;;x
d_san_juan;San Juan;San Juan;San Juan;;San Juan;;;;;;;;;x
d_san_juan_adj;San Juanian;;San Juaner;;;;;;;;;;;x
d_socorro;Socorro;Socorro;Socorro;;Socorro;;;;;;;;;x
d_socorro_adj;Socorrian;;socorrer;;;;;;;;;;;x
c_acoma;Acoma;Acoma;Acoma;;Acoma;;;;;;;;;x
c_acoma_adj;Acoman;;acomer;;;;;;;;;;;x
c_albuquerque;Albuquerque;Albuquerque;Albuquerque;;Albuquerque;;;;;;;;;x
c_albuquerque_adj;Albuquerquean;;albuquerqer;;;;;;;;;;;x
c_artesia;Artesia;Artesia;Artesia;;Artesia;;;;;;;;;x
c_artesia_adj;Artesian;;arteser;;;;;;;;;;;x
c_belen;Belen;Belen;Belen;;Belen;;;;;;;;;x
c_belen_adj;Belenian;;belener;;;;;;;;;;;x
c_capulin;Capulin;Capulin;Capulin;;Capulin;;;;;;;;;x
c_capulin_adj;Capulinian;;capuliner;;;;;;;;;;;x
c_carlsbad;Carlsbad;Carlsbad;Carlsbad;;Carlsbad;;;;;;;;;x
c_carlsbad_adj;Carlsbadian;;carlsbader;;;;;;;;;;;x
c_crownpoint;Crownpoint;Crownpoint;Crownpoint;;Crownpoint;;;;;;;;;x
c_crownpoint_adj;Crownpointian;;crownpointer;;;;;;;;;;;x
c_escondida;Escondida;Escondida;Escondida;;Escondida;;;;;;;;;x
c_escondida_adj;Escondidan;;escondider;;;;;;;;;;;x
c_farmington;Farmington;Farmington;Farmington;;Farmington;;;;;;;;;x
c_farmington_adj;Farmingtonian;;farmingtoner;;;;;;;;;;;x
c_grants;Grants;Grants;Grants;;Grants;;;;;;;;;x
c_grants_adj;Grantsian;;grantser;;;;;;;;;;;x
c_groom;Groom;Groom;Groom;;Groom;;;;;;;;;x
c_groom_adj;Groomian;;groomer;;;;;;;;;;;x
c_hidalgo;Hidalgo;Hidalgo;Hidalgo;;Hidalgo;;;;;;;;;x
c_hidalgo_adj;Hidalgian;;hidalger;;;;;;;;;;;x
c_jicarilla;Jicarilla;Jicarilla;Jicarilla;;Jicarilla;;;;;;;;;x
c_jicarilla_adj;Jicarillan;;jicariller;;;;;;;;;;;x
c_kenna;Kenna;Kenna;Kenna;;Kenna;;;;;;;;;x
c_kenna_adj;Kennan;;kenner;;;;;;;;;;;x
c_las_cruces;Las Cruces;Las Cruces;Las Cruces;;Las Cruces;;;;;;;;;x
c_las_cruces_adj;Las Crucesian;;Las Cruceser;;;;;;;;;;;x
c_los_alamos;Los Alamos;Los Alamos;Los Alamos;;Los Alamos;;;;;;;;;x
c_los_alamos_adj;Los Alamosian;;Los Alamoser;;;;;;;;;;;x
c_lovington;Lovington;Lovington;Lovington;;Lovington;;;;;;;;;x
c_lovington_adj;Lovingtonian;;lovingtoner;;;;;;;;;;;x
c_luna;Luna;Luna;Luna;;Luna;;;;;;;;;x
c_luna_adj;Lunan;;luner;;;;;;;;;;;x
c_mescalero;Mescalero;Mescalero;Mescalero;;Mescalero;;;;;;;;;x
c_mescalero_adj;Mescalerian;;mescalerer;;;;;;;;;;;x
c_mogollon;Mogollon;Mogollon;Mogollon;;Mogollon;;;;;;;;;x
c_mogollon_adj;Mogollonian;;mogolloner;;;;;;;;;;;x
c_raton;Raton;Raton;Raton;;Raton;;;;;;;;;x
c_raton_adj;Ratonian;;ratoner;;;;;;;;;;;x
c_roswell;Roswell;Roswell;Roswell;;Roswell;;;;;;;;;x
c_roswell_adj;Roswellian;;rosweller;;;;;;;;;;;x
c_san_antonio;San Antonio;San Antonio;San Antonio;;San Antonio;;;;;;;;;x
c_san_antonio_adj;San Antonian;;San Antoner;;;;;;;;;;;x
c_san_rafael;San Rafael;San Rafael;San Rafael;;San Rafael;;;;;;;;;x
c_san_rafael_adj;San Rafaelian;;San Rafaeler;;;;;;;;;;;x
c_sandia;Sandia;Sandia;Sandia;;Sandia;;;;;;;;;x
c_sandia_adj;Sandian;;sander;;;;;;;;;;;x
c_santa_fe;Santa Fe;Santa Fe;Santa Fe;;Santa Fe;;;;;;;;;x
c_santa_fe_adj;Santa Fean;;Santa Fer;;;;;;;;;;;x
c_santa_rosa;Santa Rosa;Santa Rosa;Santa Rosa;;Santa Rosa;;;;;;;;;x
c_santa_rosa_adj;Santa Rosan;;Santa Roser;;;;;;;;;;;x
c_shiwinnagin;Shiwinnagin;Shiwinnagin;Shiwinnagin;;Shiwinnagin;;;;;;;;;x
c_shiwinnagin_adj;Shiwinnaginian;;shiwinnaginer;;;;;;;;;;;x
c_silver_city;Silver City;Silver City;Silver City;;Silver City;;;;;;;;;x
c_silver_city_adj;Silver Citian;;Silver Citer;;;;;;;;;;;x
c_socorro;Socorro;Socorro;Socorro;;Socorro;;;;;;;;;x
c_socorro_adj;Socorrian;;socorrer;;;;;;;;;;;x
c_teorsee;Teorsee;Teorsee;Teorsee;;Teorsee;;;;;;;;;x
c_teorsee_adj;Teorseean;;teorser;;;;;;;;;;;x
c_tucumcari;Tucumcari;Tucumcari;Tucumcari;;Tucumcari;;;;;;;;;x
c_tucumcari_adj;Tucumcarian;;tucumcarer;;;;;;;;;;;x
c_vaughn;Vaughn;Vaughn;Vaughn;;Vaughn;;;;;;;;;x
c_vaughn_adj;Vaughnian;;vaughner;;;;;;;;;;;x
c_watrous;Watrous;Watrous;Watrous;;Watrous;;;;;;;;;x
c_watrous_adj;Watrousian;;watrouser;;;;;;;;;;;x
c_wheatland2;Wheatland;Wheatland;Wheatland;;Wheatland;;;;;;;;;x
c_wheatland2_adj;Wheatlandian;;wheatlander;;;;;;;;;;;x
c_white_sands;White Sands;White Sands;White Sands;;White Sands;;;;;;;;;x
c_white_sands_adj;White Sandsian;;White Sandser;;;;;;;;;;;x
#CODE;ENGLISH;FRENCH;GERMAN;;SPANISH;;;;;;;;;x
b_acoma_nmex;Acoma;Acoma;Acoma;;Acoma;;;;;;;;;x
b_acoma_nmex_adj;Acomaian;;acoma_nmexer;;;;;;;;;;;x
b_adelino_nmex;Adelino;Adelino;Adelino;;Adelino;;;;;;;;;x
b_adelino_nmex_adj;Adelinoian;;adelino_nmexer;;;;;;;;;;;x
b_agua_fria_nmex;Agua Fria;Agua Fria;Agua Fria;;Agua Fria;;;;;;;;;x
b_agua_fria_nmex_adj;Agua Friaian;;Agua Friaer;;;;;;;;;;;x
b_alaska_nmex;Alaska;Alaska;Alaska;;Alaska;;;;;;;;;x
b_alaska_nmex_adj;Alaskaian;;alaska_nmexer;;;;;;;;;;;x
b_albertson_nmex;Albertson;Albertson;Albertson;;Albertson;;;;;;;;;x
b_albertson_nmex_adj;Albertsonian;;albertson_nmexer;;;;;;;;;;;x
b_albuquerque_nmex;Albuquerque;Albuquerque;Albuquerque;;Albuquerque;;;;;;;;;x
b_albuquerque_nmex_adj;Albuquerqueian;;albuquerque_nmexer;;;;;;;;;;;x
b_allison_nmex;Allison;Allison;Allison;;Allison;;;;;;;;;x
b_allison_nmex_adj;Allisonian;;allison_nmexer;;;;;;;;;;;x
b_alto_nmex;Alto;Alto;Alto;;Alto;;;;;;;;;x
b_alto_nmex_adj;Altoian;;alto_nmexer;;;;;;;;;;;x
b_ambrosia_lake_nmex;Ambrosia Lake;Ambrosia Lake;Ambrosia Lake;;Ambrosia Lake;;;;;;;;;x
b_ambrosia_lake_nmex_adj;Ambrosia Lakeian;;Ambrosia Lakeer;;;;;;;;;;;x
b_animas_nmex;Animas;Animas;Animas;;Animas;;;;;;;;;x
b_animas_nmex_adj;Animasian;;animas_nmexer;;;;;;;;;;;x
b_aragon_nmex;Aragon;Aragon;Aragon;;Aragon;;;;;;;;;x
b_aragon_nmex_adj;Aragonian;;aragon_nmexer;;;;;;;;;;;x
b_arch_nmex;Arch;Arch;Arch;;Arch;;;;;;;;;x
b_arch_nmex_adj;Archian;;arch_nmexer;;;;;;;;;;;x
b_archuleta_nmex;Archuleta;Archuleta;Archuleta;;Archuleta;;;;;;;;;x
b_archuleta_nmex_adj;Archuletaian;;archuleta_nmexer;;;;;;;;;;;x
b_arenas_valley_nmex;Arenas Valley;Arenas Valley;Arenas Valley;;Arenas Valley;;;;;;;;;x
b_arenas_valley_nmex_adj;Arenas Valleyian;;Arenas Valleyer;;;;;;;;;;;x
b_arriba_nmex;Arriba;Arriba;Arriba;;Arriba;;;;;;;;;x
b_arriba_nmex_adj;Arribaian;;arriba_nmexer;;;;;;;;;;;x
b_artesia_nmex;Artesia;Artesia;Artesia;;Artesia;;;;;;;;;x
b_artesia_nmex_adj;Artesiaian;;artesia_nmexer;;;;;;;;;;;x
b_atoka_nmex;Atoka;Atoka;Atoka;;Atoka;;;;;;;;;x
b_atoka_nmex_adj;Atokaian;;atoka_nmexer;;;;;;;;;;;x
b_avalon_nmex;Avalon;Avalon;Avalon;;Avalon;;;;;;;;;x
b_avalon_nmex_adj;Avalonian;;avalon_nmexer;;;;;;;;;;;x
b_belen_nmex;Belen;Belen;Belen;;Belen;;;;;;;;;x
b_belen_nmex_adj;Belenian;;belen_nmexer;;;;;;;;;;;x
b_bennett_nmex;Bennett;Bennett;Bennett;;Bennett;;;;;;;;;x
b_bennett_nmex_adj;Bennettian;;bennett_nmexer;;;;;;;;;;;x
b_bent_nmex;Bent;Bent;Bent;;Bent;;;;;;;;;x
b_bent_nmex_adj;Bentian;;bent_nmexer;;;;;;;;;;;x
b_bibo_nmex;Bibo;Bibo;Bibo;;Bibo;;;;;;;;;x
b_bibo_nmex_adj;Biboian;;bibo_nmexer;;;;;;;;;;;x
b_billy_long_nmex;Billy Long;Billy Long;Billy Long;;Billy Long;;;;;;;;;x
b_billy_long_nmex_adj;Billy Longian;;Billy Longer;;;;;;;;;;;x
b_bluewater_nmex;Bluewater;Bluewater;Bluewater;;Bluewater;;;;;;;;;x
b_bluewater_nmex_adj;Bluewaterian;;bluewater_nmexer;;;;;;;;;;;x
b_border_hill_nmex;Border Hill;Border Hill;Border Hill;;Border Hill;;;;;;;;;x
b_border_hill_nmex_adj;Border Hillian;;Border Hiller;;;;;;;;;;;x
b_borrego_pass_nmex;Borrego Pass;Borrego Pass;Borrego Pass;;Borrego Pass;;;;;;;;;x
b_borrego_pass_nmex_adj;Borrego Passian;;Borrego Passer;;;;;;;;;;;x
b_bosque_nmex;Bosque;Bosque;Bosque;;Bosque;;;;;;;;;x
b_bosque_nmex_adj;Bosqueian;;bosque_nmexer;;;;;;;;;;;x
b_brimhall_nizhoni_nmex;Brimhall Nizhoni;Brimhall Nizhoni;Brimhall Nizhoni;;Brimhall Nizhoni;;;;;;;;;x
b_brimhall_nizhoni_nmex_adj;Brimhall Nizhoniian;;Brimhall Nizhonier;;;;;;;;;;;x
b_broadview_nmex;Broadview;Broadview;Broadview;;Broadview;;;;;;;;;x
b_broadview_nmex_adj;Broadviewian;;broadview_nmexer;;;;;;;;;;;x
b_caballo_nmex;Caballo;Caballo;Caballo;;Caballo;;;;;;;;;x
b_caballo_nmex_adj;Caballoian;;caballo_nmexer;;;;;;;;;;;x
b_capitan_nmex;Capitan;Capitan;Capitan;;Capitan;;;;;;;;;x
b_capitan_nmex_adj;Capitanian;;capitan_nmexer;;;;;;;;;;;x
b_capulin_nmex;Capulin;Capulin;Capulin;;Capulin;;;;;;;;;x
b_capulin_nmex_adj;Capulinian;;capulin_nmexer;;;;;;;;;;;x
b_carlsbad_nmex;Carlsbad;Carlsbad;Carlsbad;;Carlsbad;;;;;;;;;x
b_carlsbad_nmex_adj;Carlsbadian;;carlsbad_nmexer;;;;;;;;;;;x
b_casa_colorada_nmex;Casa Colorada;Casa Colorada;Casa Colorada;;Casa Colorada;;;;;;;;;x
b_casa_colorada_nmex_adj;Casa Coloradaian;;Casa Coloradaer;;;;;;;;;;;x
b_cedar_grove_nmex;Cedar Grove;Cedar Grove;Cedar Grove;;Cedar Grove;;;;;;;;;x
b_cedar_grove_nmex_adj;Cedar Groveian;;Cedar Groveer;;;;;;;;;;;x
b_chi_chil_tah_nmex;Chi Chil Tah;Chi Chil Tah;Chi Chil Tah;;Chi Chil Tah;;;;;;;;;x
b_chi_chil_tah_nmex_adj;Chi Chil Tahian;;Chi Chil Taher;;;;;;;;;;;x
b_chiricahua_nmex;Chiricahua;Chiricahua;Chiricahua;;Chiricahua;;;;;;;;;x
b_chiricahua_nmex_adj;Chiricahuaian;;chiricahua_nmexer;;;;;;;;;;;x
b_chloride_nmex;Chloride;Chloride;Chloride;;Chloride;;;;;;;;;x
b_chloride_nmex_adj;Chlorideian;;chloride_nmexer;;;;;;;;;;;x
b_chupadero_nmex;Chupadero;Chupadero;Chupadero;;Chupadero;;;;;;;;;x
b_chupadero_nmex_adj;Chupaderoian;;chupadero_nmexer;;;;;;;;;;;x
b_cimarron_nmex;Cimarron;Cimarron;Cimarron;;Cimarron;;;;;;;;;x
b_cimarron_nmex_adj;Cimarronian;;cimarron_nmexer;;;;;;;;;;;x
b_clayton_nmex;Clayton;Clayton;Clayton;;Clayton;;;;;;;;;x
b_clayton_nmex_adj;Claytonian;;clayton_nmexer;;;;;;;;;;;x
b_cochiti_lake_nmex;Cochiti Lake;Cochiti Lake;Cochiti Lake;;Cochiti Lake;;;;;;;;;x
b_cochiti_lake_nmex_adj;Cochiti Lakeian;;Cochiti Lakeer;;;;;;;;;;;x
b_conchas_dam_nmex;Conchas Dam;Conchas Dam;Conchas Dam;;Conchas Dam;;;;;;;;;x
b_conchas_dam_nmex_adj;Conchas Damian;;Conchas Damer;;;;;;;;;;;x
b_corona_nmex;Corona;Corona;Corona;;Corona;;;;;;;;;x
b_corona_nmex_adj;Coronaian;;corona_nmexer;;;;;;;;;;;x
b_corral_nmex;Corral ;Corral ;Corral ;;Corral ;;;;;;;;;x
b_corral_nmex_adj;Corral ian;;Corral er;;;;;;;;;;;x
b_corrales_nmex;Corrales;Corrales;Corrales;;Corrales;;;;;;;;;x
b_corrales_nmex_adj;Corralesian;;corrales_nmexer;;;;;;;;;;;x
b_crownpoint_nmex;Crownpoint;Crownpoint;Crownpoint;;Crownpoint;;;;;;;;;x
b_crownpoint_nmex_adj;Crownpointian;;crownpoint_nmexer;;;;;;;;;;;x
b_cuchillo_nmex;Cuchillo;Cuchillo;Cuchillo;;Cuchillo;;;;;;;;;x
b_cuchillo_nmex_adj;Cuchilloian;;cuchillo_nmexer;;;;;;;;;;;x
b_cuervo_nmex;Cuervo;Cuervo;Cuervo;;Cuervo;;;;;;;;;x
b_cuervo_nmex_adj;Cuervoian;;cuervo_nmexer;;;;;;;;;;;x
b_datil_nmex;Datil;Datil;Datil;;Datil;;;;;;;;;x
b_datil_nmex_adj;Datilian;;datil_nmexer;;;;;;;;;;;x
b_datil_well_nmex;Datil Well;Datil Well;Datil Well;;Datil Well;;;;;;;;;x
b_datil_well_nmex_adj;Datil Wellian;;Datil Weller;;;;;;;;;;;x
b_dayton_nmex;Dayton;Dayton;Dayton;;Dayton;;;;;;;;;x
b_dayton_nmex_adj;Daytonian;;dayton_nmexer;;;;;;;;;;;x
b_defiance_nmex;Defiance;Defiance;Defiance;;Defiance;;;;;;;;;x
b_defiance_nmex_adj;Defianceian;;defiance_nmexer;;;;;;;;;;;x
b_denver_city_nmex;Denver City;Denver City;Denver City;;Denver City;;;;;;;;;x
b_denver_city_nmex_adj;Denver Cityian;;Denver Cityer;;;;;;;;;;;x
b_des_moines_nmex;Des Moines;Des Moines;Des Moines;;Des Moines;;;;;;;;;x
b_des_moines_nmex_adj;Des Moinesian;;Des Moineser;;;;;;;;;;;x
b_dora_nmex;Dora;Dora;Dora;;Dora;;;;;;;;;x
b_dora_nmex_adj;Doraian;;dora_nmexer;;;;;;;;;;;x
b_dulce_nmex;Dulce;Dulce;Dulce;;Dulce;;;;;;;;;x
b_dulce_nmex_adj;Dulceian;;dulce_nmexer;;;;;;;;;;;x
b_el_morro_nmex;El Morro;El Morro;El Morro;;El Morro;;;;;;;;;x
b_el_morro_nmex_adj;El Morroian;;El Morroer;;;;;;;;;;;x
b_el_rancho_nmex;El Rancho;El Rancho;El Rancho;;El Rancho;;;;;;;;;x
b_el_rancho_nmex_adj;El Ranchoian;;El Ranchoer;;;;;;;;;;;x
b_elephant_butte_nmex;Elephant Butte;Elephant Butte;Elephant Butte;;Elephant Butte;;;;;;;;;x
b_elephant_butte_nmex_adj;Elephant Butteian;;Elephant Butteer;;;;;;;;;;;x
b_elida_nmex;Elida;Elida;Elida;;Elida;;;;;;;;;x
b_elida_nmex_adj;Elidaian;;elida_nmexer;;;;;;;;;;;x
b_encinal_nmex;Encinal;Encinal;Encinal;;Encinal;;;;;;;;;x
b_encinal_nmex_adj;Encinalian;;encinal_nmexer;;;;;;;;;;;x
b_encino_nmex;Encino;Encino;Encino;;Encino;;;;;;;;;x
b_encino_nmex_adj;Encinoian;;encino_nmexer;;;;;;;;;;;x
b_endee_nmex;Endee ;Endee ;Endee ;;Endee ;;;;;;;;;x
b_endee_nmex_adj;Endee ian;;Endee er;;;;;;;;;;;x
b_endee_nmex_2;Endee;Endee;Endee;;Endee;;;;;;;;;x
b_endee_nmex_2_adj;Endeeian;;endee_nmexer;;;;;;;;;;;x
b_escondida_nmex;Escondida;Escondida;Escondida;;Escondida;;;;;;;;;x
b_escondida_nmex_adj;Escondidaian;;escondida_nmexer;;;;;;;;;;;x
b_escondida_nmex_2;Escondida;Escondida;Escondida;;Escondida;;;;;;;;;x
b_escondida_nmex_2_adj;Escondidaian;;escondida_nmexer;;;;;;;;;;;x
b_escondido_nmex;Escondido;Escondido;Escondido;;Escondido;;;;;;;;;x
b_escondido_nmex_adj;Escondidoian;;escondido_nmexer;;;;;;;;;;;x
b_escudilla_bonita_nmex;Escudilla Bonita;Escudilla Bonita;Escudilla Bonita;;Escudilla Bonita;;;;;;;;;x
b_escudilla_bonita_nmex_adj;Escudilla Bonitaian;;Escudilla Bonitaer;;;;;;;;;;;x
b_eunice_nmex;Eunice;Eunice;Eunice;;Eunice;;;;;;;;;x
b_eunice_nmex_adj;Euniceian;;eunice_nmexer;;;;;;;;;;;x
b_fairacres_nmex;Fairacres;Fairacres;Fairacres;;Fairacres;;;;;;;;;x
b_fairacres_nmex_adj;Fairacresian;;fairacres_nmexer;;;;;;;;;;;x
b_fairfield_nmex;Fairfield;Fairfield;Fairfield;;Fairfield;;;;;;;;;x
b_fairfield_nmex_adj;Fairfieldian;;fairfield_nmexer;;;;;;;;;;;x
b_farmington_nmex;Farmington;Farmington;Farmington;;Farmington;;;;;;;;;x
b_farmington_nmex_adj;Farmingtonian;;farmington_nmexer;;;;;;;;;;;x
b_folsom_nmex;Folsom;Folsom;Folsom;;Folsom;;;;;;;;;x
b_folsom_nmex_adj;Folsomian;;folsom_nmexer;;;;;;;;;;;x
b_fort_bayard_nmex;Fort Bayard;Fort Bayard;Fort Bayard;;Fort Bayard;;;;;;;;;x
b_fort_bayard_nmex_adj;Fort Bayardian;;Fort Bayarder;;;;;;;;;;;x
b_fort_sumner_nmex;Fort Sumner;Fort Sumner;Fort Sumner;;Fort Sumner;;;;;;;;;x
b_fort_sumner_nmex_adj;Fort Sumnerian;;Fort Sumnerer;;;;;;;;;;;x
b_fort_wingate_nmex;Fort Wingate;Fort Wingate;Fort Wingate;;Fort Wingate;;;;;;;;;x
b_fort_wingate_nmex_adj;Fort Wingateian;;Fort Wingateer;;;;;;;;;;;x
b_frances_nmex;Frances;Frances;Frances;;Frances;;;;;;;;;x
b_frances_nmex_adj;Francesian;;frances_nmexer;;;;;;;;;;;x
b_gage_nmex;Gage;Gage;Gage;;Gage;;;;;;;;;x
b_gage_nmex_adj;Gageian;;gage_nmexer;;;;;;;;;;;x
b_ganipa_nmex;Ganipa;Ganipa;Ganipa;;Ganipa;;;;;;;;;x
b_ganipa_nmex_adj;Ganipaian;;ganipa_nmexer;;;;;;;;;;;x
b_gladstone_nmex;Gladstone;Gladstone;Gladstone;;Gladstone;;;;;;;;;x
b_gladstone_nmex_adj;Gladstoneian;;gladstone_nmexer;;;;;;;;;;;x
b_glen_acres_nmex;Glen Acres;Glen Acres;Glen Acres;;Glen Acres;;;;;;;;;x
b_glen_acres_nmex_adj;Glen Acresian;;Glen Acreser;;;;;;;;;;;x
b_glenrio_nmex;Glenrio;Glenrio;Glenrio;;Glenrio;;;;;;;;;x
b_glenrio_nmex_adj;Glenrioian;;glenrio_nmexer;;;;;;;;;;;x
b_glenrio_nmex_2;Glenrio;Glenrio;Glenrio;;Glenrio;;;;;;;;;x
b_glenrio_nmex_2_adj;Glenrioian;;glenrio_nmexer;;;;;;;;;;;x
b_golden_nmex;Golden;Golden;Golden;;Golden;;;;;;;;;x
b_golden_nmex_adj;Goldenian;;golden_nmexer;;;;;;;;;;;x
b_gordys_nmex;Gordys;Gordys;Gordys;;Gordys;;;;;;;;;x
b_gordys_nmex_adj;Gordysian;;gordys_nmexer;;;;;;;;;;;x
b_grady_nmex;Grady;Grady;Grady;;Grady;;;;;;;;;x
b_grady_nmex_adj;Gradyian;;grady_nmexer;;;;;;;;;;;x
b_grants_nmex;Grants;Grants;Grants;;Grants;;;;;;;;;x
b_grants_nmex_adj;Grantsian;;grants_nmexer;;;;;;;;;;;x
b_grenville_nmex;Grenville;Grenville;Grenville;;Grenville;;;;;;;;;x
b_grenville_nmex_adj;Grenvilleian;;grenville_nmexer;;;;;;;;;;;x
b_groom_nmex;Groom;Groom;Groom;;Groom;;;;;;;;;x
b_groom_nmex_adj;Groomian;;groom_nmexer;;;;;;;;;;;x
b_hachita_nmex;Hachita;Hachita;Hachita;;Hachita;;;;;;;;;x
b_hachita_nmex_adj;Hachitaian;;hachita_nmexer;;;;;;;;;;;x
b_hagerman_nmex;Hagerman;Hagerman;Hagerman;;Hagerman;;;;;;;;;x
b_hagerman_nmex_adj;Hagermanian;;hagerman_nmexer;;;;;;;;;;;x
b_hanover_nmex;Hanover;Hanover;Hanover;;Hanover;;;;;;;;;x
b_hanover_nmex_adj;Hanoverian;;hanover_nmexer;;;;;;;;;;;x
b_happy_valley_nmex;Happy Valley;Happy Valley;Happy Valley;;Happy Valley;;;;;;;;;x
b_happy_valley_nmex_adj;Happy Valleyian;;Happy Valleyer;;;;;;;;;;;x
b_herrera_nmex;Herrera;Herrera;Herrera;;Herrera;;;;;;;;;x
b_herrera_nmex_adj;Herreraian;;herrera_nmexer;;;;;;;;;;;x
b_hidalgo_nmex;Hidalgo;Hidalgo;Hidalgo;;Hidalgo;;;;;;;;;x
b_hidalgo_nmex_adj;Hidalgoian;;hidalgo_nmexer;;;;;;;;;;;x
b_hollene_nmex;Hollene;Hollene;Hollene;;Hollene;;;;;;;;;x
b_hollene_nmex_adj;Holleneian;;hollene_nmexer;;;;;;;;;;;x
b_hot_springs_landing_nmex;Hot Springs Landing;Hot Springs Landing;Hot Springs Landing;;Hot Springs Landing;;;;;;;;;x
b_hot_springs_landing_nmex_adj;Hot Springs Landingian;;Hot Springs Landinger;;;;;;;;;;;x
b_hot_springs_nmex;Hot Springs;Hot Springs;Hot Springs;;Hot Springs;;;;;;;;;x
b_hot_springs_nmex_adj;Hot Springsian;;Hot Springser;;;;;;;;;;;x
b_jal_nmex;Jal;Jal;Jal;;Jal;;;;;;;;;x
b_jal_nmex_adj;Jalian;;jal_nmexer;;;;;;;;;;;x
b_jarales_nmex;Jarales;Jarales;Jarales;;Jarales;;;;;;;;;x
b_jarales_nmex_adj;Jaralesian;;jarales_nmexer;;;;;;;;;;;x
b_jicarilla_nmex;Jicarilla;Jicarilla;Jicarilla;;Jicarilla;;;;;;;;;x
b_jicarilla_nmex_adj;Jicarillaian;;jicarilla_nmexer;;;;;;;;;;;x
b_juniper_nmex;Juniper;Juniper;Juniper;;Juniper;;;;;;;;;x
b_juniper_nmex_adj;Juniperian;;juniper_nmexer;;;;;;;;;;;x
b_kenna_nmex;Kenna;Kenna;Kenna;;Kenna;;;;;;;;;x
b_kenna_nmex_adj;Kennaian;;kenna_nmexer;;;;;;;;;;;x
b_knowles_nmex;Knowles;Knowles;Knowles;;Knowles;;;;;;;;;x
b_knowles_nmex_adj;Knowlesian;;knowles_nmexer;;;;;;;;;;;x
b_la_joya_nmex;La Joya;La Joya;La Joya;;La Joya;;;;;;;;;x
b_la_joya_nmex_adj;La Joyaian;;La Joyaer;;;;;;;;;;;x
b_la_plata_nmex;La Plata;La Plata;La Plata;;La Plata;;;;;;;;;x
b_la_plata_nmex_adj;La Plataian;;La Plataer;;;;;;;;;;;x
b_lake_arthur_nmex;Lake Arthur;Lake Arthur;Lake Arthur;;Lake Arthur;;;;;;;;;x
b_lake_arthur_nmex_adj;Lake Arthurian;;Lake Arthurer;;;;;;;;;;;x
b_lake_sumner_nmex;Lake Sumner;Lake Sumner;Lake Sumner;;Lake Sumner;;;;;;;;;x
b_lake_sumner_nmex_adj;Lake Sumnerian;;Lake Sumnerer;;;;;;;;;;;x
b_las_cruces_nmex;Las Cruces;Las Cruces;Las Cruces;;Las Cruces;;;;;;;;;x
b_las_cruces_nmex_adj;Las Crucesian;;Las Cruceser;;;;;;;;;;;x
b_las_cruces_nmex_2;Las Cruces;Las Cruces;Las Cruces;;Las Cruces;;;;;;;;;x
b_las_cruces_nmex_2_adj;Las Crucesian;;Las Cruceser;;;;;;;;;;;x
b_las_palomas_nmex;Las Palomas;Las Palomas;Las Palomas;;Las Palomas;;;;;;;;;x
b_las_palomas_nmex_adj;Las Palomasian;;Las Palomaser;;;;;;;;;;;x
b_laughlin_nmex;Laughlin;Laughlin;Laughlin;;Laughlin;;;;;;;;;x
b_laughlin_nmex_adj;Laughlinian;;laughlin_nmexer;;;;;;;;;;;x
b_lemitar_nmex;Lemitar;Lemitar;Lemitar;;Lemitar;;;;;;;;;x
b_lemitar_nmex_adj;Lemitarian;;lemitar_nmexer;;;;;;;;;;;x
b_lemitar_nmex_2;Lemitar;Lemitar;Lemitar;;Lemitar;;;;;;;;;x
b_lemitar_nmex_2_adj;Lemitarian;;lemitar_nmexer;;;;;;;;;;;x
b_livingston_wheeler_nmex;Livingston Wheeler;Livingston Wheeler;Livingston Wheeler;;Livingston Wheeler;;;;;;;;;x
b_livingston_wheeler_nmex_adj;Livingston Wheelerian;;Livingston Wheelerer;;;;;;;;;;;x
b_loco_hills_nmex;Loco Hills;Loco Hills;Loco Hills;;Loco Hills;;;;;;;;;x
b_loco_hills_nmex_adj;Loco Hillsian;;Loco Hillser;;;;;;;;;;;x
b_logan_nmex;Logan;Logan;Logan;;Logan;;;;;;;;;x
b_logan_nmex_adj;Loganian;;logan_nmexer;;;;;;;;;;;x
b_loma_del_rey_nmex;Loma Del Rey;Loma Del Rey;Loma Del Rey;;Loma Del Rey;;;;;;;;;x
b_loma_del_rey_nmex_adj;Loma Del Reyian;;Loma Del Reyer;;;;;;;;;;;x
b_lordsburg_nmex;Lordsburg;Lordsburg;Lordsburg;;Lordsburg;;;;;;;;;x
b_lordsburg_nmex_adj;Lordsburgian;;lordsburg_nmexer;;;;;;;;;;;x
b_los_alamos_nmex;Los Alamos;Los Alamos;Los Alamos;;Los Alamos;;;;;;;;;x
b_los_alamos_nmex_adj;Los Alamosian;;Los Alamoser;;;;;;;;;;;x
b_los_chavez_nmex;Los Chavez;Los Chavez;Los Chavez;;Los Chavez;;;;;;;;;x
b_los_chavez_nmex_adj;Los Chavezian;;Los Chavezer;;;;;;;;;;;x
b_loving_nmex;Loving;Loving;Loving;;Loving;;;;;;;;;x
b_loving_nmex_adj;Lovingian;;loving_nmexer;;;;;;;;;;;x
b_lovington_nmex;Lovington;Lovington;Lovington;;Lovington;;;;;;;;;x
b_lovington_nmex_adj;Lovingtonian;;lovington_nmexer;;;;;;;;;;;x
b_luis_lopez_nmex;Luis Lopez;Luis Lopez;Luis Lopez;;Luis Lopez;;;;;;;;;x
b_luis_lopez_nmex_adj;Luis Lopezian;;Luis Lopezer;;;;;;;;;;;x
b_luna_nmex;Luna;Luna;Luna;;Luna;;;;;;;;;x
b_luna_nmex_adj;Lunaian;;luna_nmexer;;;;;;;;;;;x
b_magdalena_nmex;Magdalena;Magdalena;Magdalena;;Magdalena;;;;;;;;;x
b_magdalena_nmex_adj;Magdalenaian;;magdalena_nmexer;;;;;;;;;;;x
b_malaga_nmex;Malaga;Malaga;Malaga;;Malaga;;;;;;;;;x
b_malaga_nmex_adj;Malagaian;;malaga_nmexer;;;;;;;;;;;x
b_maljamar_nmex;Maljamar;Maljamar;Maljamar;;Maljamar;;;;;;;;;x
b_maljamar_nmex_adj;Maljamarian;;maljamar_nmexer;;;;;;;;;;;x
b_manuelito_nmex;Manuelito;Manuelito;Manuelito;;Manuelito;;;;;;;;;x
b_manuelito_nmex_adj;Manuelitoian;;manuelito_nmexer;;;;;;;;;;;x
b_mark_whetten_nmex;Mark Whetten;Mark Whetten;Mark Whetten;;Mark Whetten;;;;;;;;;x
b_mark_whetten_nmex_adj;Mark Whettenian;;Mark Whettener;;;;;;;;;;;x
b_maxwell_nmex;Maxwell;Maxwell;Maxwell;;Maxwell;;;;;;;;;x
b_maxwell_nmex_adj;Maxwellian;;maxwell_nmexer;;;;;;;;;;;x
b_mccartys_nmex;McCartys;McCartys;McCartys;;McCartys;;;;;;;;;x
b_mccartys_nmex_adj;McCartysian;;mccartys_nmexer;;;;;;;;;;;x
b_mcdonald_nmex;McDonald;McDonald;McDonald;;McDonald;;;;;;;;;x
b_mcdonald_nmex_adj;McDonaldian;;mcdonald_nmexer;;;;;;;;;;;x
b_mentmore_nmex;Mentmore;Mentmore;Mentmore;;Mentmore;;;;;;;;;x
b_mentmore_nmex_adj;Mentmoreian;;mentmore_nmexer;;;;;;;;;;;x
b_mescalero_nmex;Mescalero;Mescalero;Mescalero;;Mescalero;;;;;;;;;x
b_mescalero_nmex_adj;Mescaleroian;;mescalero_nmexer;;;;;;;;;;;x
b_mesilla_nmex;Mesilla;Mesilla;Mesilla;;Mesilla;;;;;;;;;x
b_mesilla_nmex_adj;Mesillaian;;mesilla_nmexer;;;;;;;;;;;x
b_mesilla_nmex_2;Mesilla;Mesilla;Mesilla;;Mesilla;;;;;;;;;x
b_mesilla_nmex_2_adj;Mesillaian;;mesilla_nmexer;;;;;;;;;;;x
b_mesquite_nmex;Mesquite;Mesquite;Mesquite;;Mesquite;;;;;;;;;x
b_mesquite_nmex_adj;Mesquiteian;;mesquite_nmexer;;;;;;;;;;;x
b_miami_nmex;Miami;Miami;Miami;;Miami;;;;;;;;;x
b_miami_nmex_adj;Miamiian;;miami_nmexer;;;;;;;;;;;x
b_midway_nmex;Midway;Midway;Midway;;Midway;;;;;;;;;x
b_midway_nmex_adj;Midwayian;;midway_nmexer;;;;;;;;;;;x
b_milan_nmex;Milan;Milan;Milan;;Milan;;;;;;;;;x
b_milan_nmex_adj;Milanian;;milan_nmexer;;;;;;;;;;;x
b_mogollon_nmex;Mogollon;Mogollon;Mogollon;;Mogollon;;;;;;;;;x
b_mogollon_nmex_adj;Mogollonian;;mogollon_nmexer;;;;;;;;;;;x
b_montezuma_nmex;Montezuma;Montezuma;Montezuma;;Montezuma;;;;;;;;;x
b_montezuma_nmex_adj;Montezumaian;;montezuma_nmexer;;;;;;;;;;;x
b_monticello_nmex;Monticello;Monticello;Monticello;;Monticello;;;;;;;;;x
b_monticello_nmex_adj;Monticelloian;;monticello_nmexer;;;;;;;;;;;x
b_mountain_view_nmex;Mountain View;Mountain View;Mountain View;;Mountain View;;;;;;;;;x
b_mountain_view_nmex_adj;Mountain Viewian;;Mountain Viewer;;;;;;;;;;;x
b_nakaibito_nmex;Nakaibito;Nakaibito;Nakaibito;;Nakaibito;;;;;;;;;x
b_nakaibito_nmex_adj;Nakaibitoian;;nakaibito_nmexer;;;;;;;;;;;x
b_navajo_dam_nmex;Navajo Dam;Navajo Dam;Navajo Dam;;Navajo Dam;;;;;;;;;x
b_navajo_dam_nmex_adj;Navajo Damian;;Navajo Damer;;;;;;;;;;;x
b_nenahnezad_nmex;Nenahnezad;Nenahnezad;Nenahnezad;;Nenahnezad;;;;;;;;;x
b_nenahnezad_nmex_adj;Nenahnezadian;;nenahnezad_nmexer;;;;;;;;;;;x
b_newkirk_nmex;Newkirk;Newkirk;Newkirk;;Newkirk;;;;;;;;;x
b_newkirk_nmex_adj;Newkirkian;;newkirk_nmexer;;;;;;;;;;;x
b_nogal_nmex;Nogal;Nogal;Nogal;;Nogal;;;;;;;;;x
b_nogal_nmex_adj;Nogalian;;nogal_nmexer;;;;;;;;;;;x
b_north_acomita_nmex;North Acomita;North Acomita;North Acomita;;North Acomita;;;;;;;;;x
b_north_acomita_nmex_adj;North Acomitaian;;North Acomitaer;;;;;;;;;;;x
b_north_valley_nmex;North Valley;North Valley;North Valley;;North Valley;;;;;;;;;x
b_north_valley_nmex_adj;North Valleyian;;North Valleyer;;;;;;;;;;;x
b_oil_center_nmex;Oil Center;Oil Center;Oil Center;;Oil Center;;;;;;;;;x
b_oil_center_nmex_adj;Oil Centerian;;Oil Centerer;;;;;;;;;;;x
b_ojo_amarillo_nmex;Ojo Amarillo;Ojo Amarillo;Ojo Amarillo;;Ojo Amarillo;;;;;;;;;x
b_ojo_amarillo_nmex_adj;Ojo Amarilloian;;Ojo Amarilloer;;;;;;;;;;;x
b_omega_nmex;Omega;Omega;Omega;;Omega;;;;;;;;;x
b_omega_nmex_adj;Omegaian;;omega_nmexer;;;;;;;;;;;x
b_organ_nmex;Organ;Organ;Organ;;Organ;;;;;;;;;x
b_organ_nmex_adj;Organian;;organ_nmexer;;;;;;;;;;;x
b_pacheco_nmex;Pacheco;Pacheco;Pacheco;;Pacheco;;;;;;;;;x
b_pacheco_nmex_adj;Pachecoian;;pacheco_nmexer;;;;;;;;;;;x
b_painted_pony_nmex;Painted Pony;Painted Pony;Painted Pony;;Painted Pony;;;;;;;;;x
b_painted_pony_nmex_adj;Painted Ponyian;;Painted Ponyer;;;;;;;;;;;x
b_pajarito_mesa_nmex;Pajarito Mesa;Pajarito Mesa;Pajarito Mesa;;Pajarito Mesa;;;;;;;;;x
b_pajarito_mesa_nmex_adj;Pajarito Mesaian;;Pajarito Mesaer;;;;;;;;;;;x
b_paraje_nmex;Paraje;Paraje;Paraje;;Paraje;;;;;;;;;x
b_paraje_nmex_adj;Parajeian;;paraje_nmexer;;;;;;;;;;;x
b_pie_town_nmex;Pie Town;Pie Town;Pie Town;;Pie Town;;;;;;;;;x
b_pie_town_nmex_adj;Pie Townian;;Pie Towner;;;;;;;;;;;x
b_pine_lodge_nmex;Pine Lodge;Pine Lodge;Pine Lodge;;Pine Lodge;;;;;;;;;x
b_pine_lodge_nmex_adj;Pine Lodgeian;;Pine Lodgeer;;;;;;;;;;;x
b_placitas_nmex;Placitas;Placitas;Placitas;;Placitas;;;;;;;;;x
b_placitas_nmex_adj;Placitasian;;placitas_nmexer;;;;;;;;;;;x
b_playas_nmex;Playas;Playas;Playas;;Playas;;;;;;;;;x
b_playas_nmex_adj;Playasian;;playas_nmexer;;;;;;;;;;;x
b_polvadera_nmex;Polvadera;Polvadera;Polvadera;;Polvadera;;;;;;;;;x
b_polvadera_nmex_adj;Polvaderaian;;polvadera_nmexer;;;;;;;;;;;x
b_polvadera_nmex_2;Polvadera;Polvadera;Polvadera;;Polvadera;;;;;;;;;x
b_polvadera_nmex_2_adj;Polvaderaian;;polvadera_nmexer;;;;;;;;;;;x
b_ponderosa_nmex;Ponderosa;Ponderosa;Ponderosa;;Ponderosa;;;;;;;;;x
b_ponderosa_nmex_adj;Ponderosaian;;ponderosa_nmexer;;;;;;;;;;;x
b_portales_nmex;Portales;Portales;Portales;;Portales;;;;;;;;;x
b_portales_nmex_adj;Portalesian;;portales_nmexer;;;;;;;;;;;x
b_prewitt_nmex;Prewitt;Prewitt;Prewitt;;Prewitt;;;;;;;;;x
b_prewitt_nmex_adj;Prewittian;;prewitt_nmexer;;;;;;;;;;;x
b_quebradas_nmex;Quebradas;Quebradas;Quebradas;;Quebradas;;;;;;;;;x
b_quebradas_nmex_adj;Quebradasian;;quebradas_nmexer;;;;;;;;;;;x
b_quemado_nmex;Quemado;Quemado;Quemado;;Quemado;;;;;;;;;x
b_quemado_nmex_adj;Quemadoian;;quemado_nmexer;;;;;;;;;;;x
b_radio_hill_nmex;Radio Hill;Radio Hill;Radio Hill;;Radio Hill;;;;;;;;;x
b_radio_hill_nmex_adj;Radio Hillian;;Radio Hiller;;;;;;;;;;;x
b_rainsville_nmex;Rainsville;Rainsville;Rainsville;;Rainsville;;;;;;;;;x
b_rainsville_nmex_adj;Rainsvilleian;;rainsville_nmexer;;;;;;;;;;;x
b_ramah_nmex;Ramah;Ramah;Ramah;;Ramah;;;;;;;;;x
b_ramah_nmex_adj;Ramahian;;ramah_nmexer;;;;;;;;;;;x
b_raton_nmex;Raton;Raton;Raton;;Raton;;;;;;;;;x
b_raton_nmex_adj;Ratonian;;raton_nmexer;;;;;;;;;;;x
b_red_dot_nmex;Red Dot;Red Dot;Red Dot;;Red Dot;;;;;;;;;x
b_red_dot_nmex_adj;Red Dotian;;Red Doter;;;;;;;;;;;x
b_rio_en_medio_nmex;Rio En Medio;Rio En Medio;Rio En Medio;;Rio En Medio;;;;;;;;;x
b_rio_en_medio_nmex_adj;Rio En Medioian;;Rio En Medioer;;;;;;;;;;;x
b_rio_nmex;Rio;Rio;Rio;;Rio;;;;;;;;;x
b_rio_nmex_adj;Rioian;;rio_nmexer;;;;;;;;;;;x
b_riverside_nmex;Riverside;Riverside;Riverside;;Riverside;;;;;;;;;x
b_riverside_nmex_adj;Riversideian;;riverside_nmexer;;;;;;;;;;;x
b_roadforks_nmex;Roadforks;Roadforks;Roadforks;;Roadforks;;;;;;;;;x
b_roadforks_nmex_adj;Roadforksian;;roadforks_nmexer;;;;;;;;;;;x
b_rock_canyon_nmex;Rock Canyon;Rock Canyon;Rock Canyon;;Rock Canyon;;;;;;;;;x
b_rock_canyon_nmex_adj;Rock Canyonian;;Rock Canyoner;;;;;;;;;;;x
b_rodeo_nmex;Rodeo;Rodeo;Rodeo;;Rodeo;;;;;;;;;x
b_rodeo_nmex_adj;Rodeoian;;rodeo_nmexer;;;;;;;;;;;x
b_roswell_nmex;Roswell;Roswell;Roswell;;Roswell;;;;;;;;;x
b_roswell_nmex_adj;Roswellian;;roswell_nmexer;;;;;;;;;;;x
b_rover_nmex;Rover;Rover;Rover;;Rover;;;;;;;;;x
b_rover_nmex_adj;Roverian;;rover_nmexer;;;;;;;;;;;x
b_ruidoso_nmex;Ruidoso;Ruidoso;Ruidoso;;Ruidoso;;;;;;;;;x
b_ruidoso_nmex_adj;Ruidosoian;;ruidoso_nmexer;;;;;;;;;;;x
b_san_acacia_nmex;San Acacia;San Acacia;San Acacia;;San Acacia;;;;;;;;;x
b_san_acacia_nmex_adj;San Acaciaian;;San Acaciaer;;;;;;;;;;;x
b_san_acacia_nmex_2;San Acacia;San Acacia;San Acacia;;San Acacia;;;;;;;;;x
b_san_acacia_nmex_2_adj;San Acaciaian;;San Acaciaer;;;;;;;;;;;x
b_san_antonio_nmex;San Antonio;San Antonio;San Antonio;;San Antonio;;;;;;;;;x
b_san_antonio_nmex_adj;San Antonioian;;San Antonioer;;;;;;;;;;;x
b_san_ildefonso_pueblo_nmex;San Ildefonso Pueblo;San Ildefonso Pueblo;San Ildefonso Pueblo;;San Ildefonso Pueblo;;;;;;;;;x
b_san_ildefonso_pueblo_nmex_adj;San Ildefonso Puebloian;;San Ildefonso Puebloer;;;;;;;;;;;x
b_san_jon_nmex;San Jon;San Jon;San Jon;;San Jon;;;;;;;;;x
b_san_jon_nmex_adj;San Jonian;;San Joner;;;;;;;;;;;x
b_san_jon_nmex_2;San Jon;San Jon;San Jon;;San Jon;;;;;;;;;x
b_san_jon_nmex_2_adj;San Jonian;;San Joner;;;;;;;;;;;x
b_san_lorenzo_nmex;San Lorenzo;San Lorenzo;San Lorenzo;;San Lorenzo;;;;;;;;;x
b_san_lorenzo_nmex_adj;San Lorenzoian;;San Lorenzoer;;;;;;;;;;;x
b_san_mateo_nmex;San Mateo;San Mateo;San Mateo;;San Mateo;;;;;;;;;x
b_san_mateo_nmex_adj;San Mateoian;;San Mateoer;;;;;;;;;;;x
b_san_miguel_nmex;San Miguel;San Miguel;San Miguel;;San Miguel;;;;;;;;;x
b_san_miguel_nmex_adj;San Miguelian;;San Migueler;;;;;;;;;;;x
b_san_pablo_nmex;San Pablo;San Pablo;San Pablo;;San Pablo;;;;;;;;;x
b_san_pablo_nmex_adj;San Pabloian;;San Pabloer;;;;;;;;;;;x
b_san_pablo_nmex_2;San Pablo;San Pablo;San Pablo;;San Pablo;;;;;;;;;x
b_san_pablo_nmex_2_adj;San Pabloian;;San Pabloer;;;;;;;;;;;x
b_san_pedro_nmex;San Pedro;San Pedro;San Pedro;;San Pedro;;;;;;;;;x
b_san_pedro_nmex_adj;San Pedroian;;San Pedroer;;;;;;;;;;;x
b_san_rafael_nmex;San Rafael;San Rafael;San Rafael;;San Rafael;;;;;;;;;x
b_san_rafael_nmex_adj;San Rafaelian;;San Rafaeler;;;;;;;;;;;x
b_san_ysidro_nmex;San Ysidro;San Ysidro;San Ysidro;;San Ysidro;;;;;;;;;x
b_san_ysidro_nmex_adj;San Ysidroian;;San Ysidroer;;;;;;;;;;;x
b_sandia_nmex;Sandia;Sandia;Sandia;;Sandia;;;;;;;;;x
b_sandia_nmex_adj;Sandiaian;;sandia_nmexer;;;;;;;;;;;x
b_santa_clara_nmex;Santa Clara;Santa Clara;Santa Clara;;Santa Clara;;;;;;;;;x
b_santa_clara_nmex_adj;Santa Claraian;;Santa Claraer;;;;;;;;;;;x
b_santa_fe_nmex;Santa Fe;Santa Fe;Santa Fe;;Santa Fe;;;;;;;;;x
b_santa_fe_nmex_adj;Santa Feian;;Santa Feer;;;;;;;;;;;x
b_santa_rosa_nmex;Santa Rosa;Santa Rosa;Santa Rosa;;Santa Rosa;;;;;;;;;x
b_santa_rosa_nmex_adj;Santa Rosaian;;Santa Rosaer;;;;;;;;;;;x
b_santo_tomas_nmex;Santo Tomas;Santo Tomas;Santo Tomas;;Santo Tomas;;;;;;;;;x
b_santo_tomas_nmex_adj;Santo Tomasian;;Santo Tomaser;;;;;;;;;;;x
b_separ_nmex;Separ;Separ;Separ;;Separ;;;;;;;;;x
b_separ_nmex_adj;Separian;;separ_nmexer;;;;;;;;;;;x
b_seton_village_nmex;Seton Village;Seton Village;Seton Village;;Seton Village;;;;;;;;;x
b_seton_village_nmex_adj;Seton Villageian;;Seton Villageer;;;;;;;;;;;x
b_shakespeare_nmex;Shakespeare;Shakespeare;Shakespeare;;Shakespeare;;;;;;;;;x
b_shakespeare_nmex_adj;Shakespeareian;;shakespeare_nmexer;;;;;;;;;;;x
b_shiwinnagin_nmex;Shiwinnagin;Shiwinnagin;Shiwinnagin;;Shiwinnagin;;;;;;;;;x
b_shiwinnagin_nmex_adj;Shiwinnaginian;;shiwinnagin_nmexer;;;;;;;;;;;x
b_silver_city_nmex;Silver City;Silver City;Silver City;;Silver City;;;;;;;;;x
b_silver_city_nmex_adj;Silver Cityian;;Silver Cityer;;;;;;;;;;;x
b_simpson_nmex;Simpson;Simpson;Simpson;;Simpson;;;;;;;;;x
b_simpson_nmex_adj;Simpsonian;;simpson_nmexer;;;;;;;;;;;x
b_sloan_nmex;Sloan;Sloan;Sloan;;Sloan;;;;;;;;;x
b_sloan_nmex_adj;Sloanian;;sloan_nmexer;;;;;;;;;;;x
b_smith_lake_nmex;Smith Lake;Smith Lake;Smith Lake;;Smith Lake;;;;;;;;;x
b_smith_lake_nmex_adj;Smith Lakeian;;Smith Lakeer;;;;;;;;;;;x
b_socorro_nmex;Socorro;Socorro;Socorro;;Socorro;;;;;;;;;x
b_socorro_nmex_adj;Socorroian;;socorro_nmexer;;;;;;;;;;;x
b_south_valley_nmex;South Valley;South Valley;South Valley;;South Valley;;;;;;;;;x
b_south_valley_nmex_adj;South Valleyian;;South Valleyer;;;;;;;;;;;x
b_southside_nmex;Southside;Southside;Southside;;Southside;;;;;;;;;x
b_southside_nmex_adj;Southsideian;;southside_nmexer;;;;;;;;;;;x
b_spencerville_nmex;Spencerville;Spencerville;Spencerville;;Spencerville;;;;;;;;;x
b_spencerville_nmex_adj;Spencervilleian;;spencerville_nmexer;;;;;;;;;;;x
b_springer_nmex;Springer;Springer;Springer;;Springer;;;;;;;;;x
b_springer_nmex_adj;Springerian;;springer_nmexer;;;;;;;;;;;x
b_standing_rock_nmex;Standing Rock;Standing Rock;Standing Rock;;Standing Rock;;;;;;;;;x
b_standing_rock_nmex_adj;Standing Rockian;;Standing Rocker;;;;;;;;;;;x
b_striker_nmex;Striker;Striker;Striker;;Striker;;;;;;;;;x
b_striker_nmex_adj;Strikerian;;striker_nmexer;;;;;;;;;;;x
b_stripes_nmex;Stripes;Stripes;Stripes;;Stripes;;;;;;;;;x
b_stripes_nmex_adj;Stripesian;;stripes_nmexer;;;;;;;;;;;x
b_sunny_side_nmex;Sunny Side;Sunny Side;Sunny Side;;Sunny Side;;;;;;;;;x
b_sunny_side_nmex_adj;Sunny Sideian;;Sunny Sideer;;;;;;;;;;;x
b_sunport_nmex;Sunport;Sunport;Sunport;;Sunport;;;;;;;;;x
b_sunport_nmex_adj;Sunportian;;sunport_nmexer;;;;;;;;;;;x
b_tatum_nmex;Tatum;Tatum;Tatum;;Tatum;;;;;;;;;x
b_tatum_nmex_adj;Tatumian;;tatum_nmexer;;;;;;;;;;;x
b_teorsee_nmex;Teorsee;Teorsee;Teorsee;;Teorsee;;;;;;;;;x
b_teorsee_nmex_adj;Teorseeian;;teorsee_nmexer;;;;;;;;;;;x
b_tesuque_nmex;Tesuque;Tesuque;Tesuque;;Tesuque;;;;;;;;;x
b_tesuque_nmex_adj;Tesuqueian;;tesuque_nmexer;;;;;;;;;;;x
b_tijeras_nmex;Tijeras;Tijeras;Tijeras;;Tijeras;;;;;;;;;x
b_tijeras_nmex_adj;Tijerasian;;tijeras_nmexer;;;;;;;;;;;x
b_tohatchi_nmex;Tohatchi;Tohatchi;Tohatchi;;Tohatchi;;;;;;;;;x
b_tohatchi_nmex_adj;Tohatchiian;;tohatchi_nmexer;;;;;;;;;;;x
b_tohlakai_nmex;Tohlakai;Tohlakai;Tohlakai;;Tohlakai;;;;;;;;;x
b_tohlakai_nmex_adj;Tohlakaiian;;tohlakai_nmexer;;;;;;;;;;;x
b_tortugas_nmex;Tortugas;Tortugas;Tortugas;;Tortugas;;;;;;;;;x
b_tortugas_nmex_adj;Tortugasian;;tortugas_nmexer;;;;;;;;;;;x
b_tucumcari_nmex;Tucumcari;Tucumcari;Tucumcari;;Tucumcari;;;;;;;;;x
b_tucumcari_nmex_adj;Tucumcariian;;tucumcari_nmexer;;;;;;;;;;;x
b_tularosa_nmex;Tularosa;Tularosa;Tularosa;;Tularosa;;;;;;;;;x
b_tularosa_nmex_adj;Tularosaian;;tularosa_nmexer;;;;;;;;;;;x
b_turley_nmex;Turley;Turley;Turley;;Turley;;;;;;;;;x
b_turley_nmex_adj;Turleyian;;turley_nmexer;;;;;;;;;;;x
b_twin_lakes_nmex;Twin Lakes;Twin Lakes;Twin Lakes;;Twin Lakes;;;;;;;;;x
b_twin_lakes_nmex_adj;Twin Lakesian;;Twin Lakeser;;;;;;;;;;;x
b_tyrone_nmex;Tyrone;Tyrone;Tyrone;;Tyrone;;;;;;;;;x
b_tyrone_nmex_adj;Tyroneian;;tyrone_nmexer;;;;;;;;;;;x
b_upper_fruitland_nmex;Upper Fruitland;Upper Fruitland;Upper Fruitland;;Upper Fruitland;;;;;;;;;x
b_upper_fruitland_nmex_adj;Upper Fruitlandian;;Upper Fruitlander;;;;;;;;;;;x
b_ute_park_nmex;Ute Park;Ute Park;Ute Park;;Ute Park;;;;;;;;;x
b_ute_park_nmex_adj;Ute Parkian;;Ute Parker;;;;;;;;;;;x
b_valmora_nmex;Valmora;Valmora;Valmora;;Valmora;;;;;;;;;x
b_valmora_nmex_adj;Valmoraian;;valmora_nmexer;;;;;;;;;;;x
b_vanadium_nmex;Vanadium;Vanadium;Vanadium;;Vanadium;;;;;;;;;x
b_vanadium_nmex_adj;Vanadiumian;;vanadium_nmexer;;;;;;;;;;;x
b_vanderwagen_nmex;Vanderwagen;Vanderwagen;Vanderwagen;;Vanderwagen;;;;;;;;;x
b_vanderwagen_nmex_adj;Vanderwagenian;;vanderwagen_nmexer;;;;;;;;;;;x
b_vaughn_nmex;Vaughn;Vaughn;Vaughn;;Vaughn;;;;;;;;;x
b_vaughn_nmex_adj;Vaughnian;;vaughn_nmexer;;;;;;;;;;;x
b_wagon_mound_nmex;Wagon Mound;Wagon Mound;Wagon Mound;;Wagon Mound;;;;;;;;;x
b_wagon_mound_nmex_adj;Wagon Moundian;;Wagon Mounder;;;;;;;;;;;x
b_waterflow_nmex;Waterflow;Waterflow;Waterflow;;Waterflow;;;;;;;;;x
b_waterflow_nmex_adj;Waterflowian;;waterflow_nmexer;;;;;;;;;;;x
b_watrous_nmex;Watrous;Watrous;Watrous;;Watrous;;;;;;;;;x
b_watrous_nmex_adj;Watrousian;;watrous_nmexer;;;;;;;;;;;x
b_watson_nmex;Watson;Watson;Watson;;Watson;;;;;;;;;x
b_watson_nmex_adj;Watsonian;;watson_nmexer;;;;;;;;;;;x
b_weems_nmex;Weems;Weems;Weems;;Weems;;;;;;;;;x
b_weems_nmex_adj;Weemsian;;weems_nmexer;;;;;;;;;;;x
b_wheatland_nmex;Wheatland;Wheatland;Wheatland;;Wheatland;;;;;;;;;x
b_wheatland_nmex_adj;Wheatlandian;;wheatland_nmexer;;;;;;;;;;;x
b_white_rock_nmex;White Rock;White Rock;White Rock;;White Rock;;;;;;;;;x
b_white_rock_nmex_adj;White Rockian;;White Rocker;;;;;;;;;;;x
b_white_sands_nmex;White Sands;White Sands;White Sands;;White Sands;;;;;;;;;x
b_white_sands_nmex_adj;White Sandsian;;White Sandser;;;;;;;;;;;x
b_whites_city_nmex;Whites City;Whites City;Whites City;;Whites City;;;;;;;;;x
b_whites_city_nmex_adj;Whites Cityian;;Whites Cityer;;;;;;;;;;;x
b_winston_nmex;Winston;Winston;Winston;;Winston;;;;;;;;;x
b_winston_nmex_adj;Winstonian;;winston_nmexer;;;;;;;;;;;x
b_zuzax_nmex;Zuzax;Zuzax;Zuzax;;Zuzax;;;;;;;;;x
b_zuzax_nmex_adj;Zuzaxian;;zuzax_nmexer;;;;;;;;;;;x
c_trinidad2;Trinidad;;;;;;;;;x
c_trinidad2_adj;Trinidadean;;;;;;;;;;;x
PROV396;Trinidad;Bean Station;Bean Station;;;;;;;;;x
k_mescalero;Mescalero;Mescalero;Mescalero;;Mescalero;;;;;;;;;x
k_mescalero_adj;Mescalerian;;mescalerer;;;;;;;;;;;x
k_new_mexico;New Mexico;New Mexico;New Mexico;;New Mexico;;;;;;;;;x
k_new_mexico_adj;New Mexician;;New Mexicer;;;;;;;;;;;x
k_zuni;Zuni;Zuni;Zuni;;Zuni;;;;;;;;;x
k_zuni_adj;Zunian;;zuner;;;;;;;;;;;x
e_chihuahua;Chihuahua;Chihuahua;Chihuahua;;Chihuahua;;;;;;;;;x
e_chihuahua_adj;Chihuahuan;;chihuaher;;;;;;;;;;;x
