warrior_lodge_texas_ranger;Texas Ranger Division;;;;;;;;;x
warrior_lodge_texas_ranger_desc;The Rangers.;;;;;;;;;x
warrior_lodge_texas_ranger_rank_1_male;Initiate;;;;;;;;;x
warrior_lodge_texas_ranger_rank_1_female;Initiate;;;;;;;;;x
warrior_lodge_texas_ranger_rank_2_male;Fighter;;;;;;;;;x
warrior_lodge_texas_ranger_rank_2_female;Fighter;;;;;;;;;x
warrior_lodge_texas_ranger_rank_3_male;Veteran;;;;;;;;;x
warrior_lodge_texas_ranger_rank_3_female;Veteran;;;;;;;;;x
warrior_lodge_texas_ranger_rank_4_male;Champion;;;;;;;;;x
warrior_lodge_texas_ranger_rank_4_female;Champion;;;;;;;;;x
has_liege_vassal_or_neighbor_of_rangerite_religion_tt;Has a §YLiege§!, §YVassal§!, or a §Yneighbouring ruler§! who follows the §Y[rangerite.GetName]§! faith or is of a §YTexan§! culture\n;A un §Yseigneur lige§!, un §Yvassal§! ou un §Yseigneur voisin§! qui suit la foi §Y[rangerite.GetName]§!\n;Hat einen §YLehnsherrn§!, §YVasallen§! oder §Ybenachbarten Herrscher§!, der dem §Y[rangerite.GetName]§! Glauben folgt\n;;Tiene un §Yseñor§!, §Yvasallo§!, o §Ygobernante vecino§! que sigue la fe §Y[rangerite.GetName]§!\n;;;;;;;;;x
has_liege_vassal_or_neighbor_of_texan_religion_tt;Has a §YLiege§!, §YVassal§!, or a §Yneighbouring ruler§! who follows a §YTexan§! faith or is of a §YTexan§! culture\n;A un §Yseigneur lige§!, un §Yvassal§! ou un §Yseigneur voisin§! qui suit la foi §Y[rangerite.GetName]§!\n;Hat einen §YLehnsherrn§!, §YVasallen§! oder §Ybenachbarten Herrscher§!, der dem §Y[rangerite.GetName]§! Glauben folgt\n;;Tiene un §Yseñor§!, §Yvasallo§!, o §Ygobernante vecino§! que sigue la fe §Y[rangerite.GetName]§!\n;;;;;;;;;x
string_rangerite_symbol;the rangers;;;;;;;;;;;;;x
string_rangerite_symbol_cap;the Rangers;;;;;;;;;;;;;x
string_rangerite_symbol_short;ranger;;;;;;;;;;;;;x
string_rangerite_symbol_short_cap;Ranger;;;;;;;;;;;;;x
string_battle_nick_rangerite_symbol;the Ranger;;;;;;;;;;;;;x
string_WL_rangerite_religion;§Y[rangerite.GetName]§! religion;;;;;;;;;;x
rangerite_leader;Texas Ranger;;;;;;;;;;;;;;x
rangerite_leader_desc;This character is a Ranger.;;;;;;;;;;;;;;x
warrior_lodge_gridiron;Gridiron Warrior Lodge;;;;;;;;;x
warrior_lodge_gridiron_desc;A Warrior Lodge.;;;;;;;;;x
warrior_lodge_gridiron_rank_1_male;Initiate;;;;;;;;;x
warrior_lodge_gridiron_rank_1_female;Initiate;;;;;;;;;x
warrior_lodge_gridiron_rank_2_male;Fighter;;;;;;;;;x
warrior_lodge_gridiron_rank_2_female;Fighter;;;;;;;;;x
warrior_lodge_gridiron_rank_3_male;Veteran;;;;;;;;;x
warrior_lodge_gridiron_rank_3_female;Veteran;;;;;;;;;x
warrior_lodge_gridiron_rank_4_male;Champion;;;;;;;;;x
warrior_lodge_gridiron_rank_4_female;Champion;;;;;;;;;x
has_liege_vassal_or_neighbor_of_gridiron_religion_tt;Has a §YLiege§!, §YVassal§!, or a §Yneighbouring ruler§! who follows the §Y[gridiron.GetName]§! faith\n;A un §Yseigneur lige§!, un §Yvassal§! ou un §Yseigneur voisin§! qui suit la foi §Y[gridiron.GetName]§!\n;Hat einen §YLehnsherrn§!, §YVasallen§! oder §Ybenachbarten Herrscher§!, der dem §Y[gridiron.GetName]§! Glauben folgt\n;;Tiene un §Yseñor§!, §Yvasallo§!, o §Ygobernante vecino§! que sigue la fe §Y[gridiron.GetName]§!\n;;;;;;;;;x
string_gridiron_symbol;the rangers;;;;;;;;;;;;;x
string_gridiron_symbol_cap;the Rangers;;;;;;;;;;;;;x
string_gridiron_symbol_short;ranger;;;;;;;;;;;;;x
string_gridiron_symbol_short_cap;Ranger;;;;;;;;;;;;;x
string_battle_nick_gridiron_symbol;the Ranger;;;;;;;;;;;;;x
string_WL_gridiron_religion;§Y[gridiron.GetName]§! religion;;;;;;;;;;x
gridiron_leader;Gridiron Leader;;;;;;;;;;;;;;x
gridiron_leader_desc;This character is a Gridiron Leader.;;;;;;;;;;;;;;x
warrior_lodge_triumphant;Triumphant Warrior Lodge;;;;;;;;;x
warrior_lodge_triumphant_desc;A Warrior Lodge.;;;;;;;;;x
warrior_lodge_triumphant_rank_1_male;Initiate;;;;;;;;;x
warrior_lodge_triumphant_rank_1_female;Initiate;;;;;;;;;x
warrior_lodge_triumphant_rank_2_male;Fighter;;;;;;;;;x
warrior_lodge_triumphant_rank_2_female;Fighter;;;;;;;;;x
warrior_lodge_triumphant_rank_3_male;Veteran;;;;;;;;;x
warrior_lodge_triumphant_rank_3_female;Veteran;;;;;;;;;x
warrior_lodge_triumphant_rank_4_male;Champion;;;;;;;;;x
warrior_lodge_triumphant_rank_4_female;Champion;;;;;;;;;x
has_liege_vassal_or_neighbor_of_triumphant_religion_tt;Has a §YLiege§!, §YVassal§!, or a §Yneighbouring ruler§! who follows the §Y[triumphant.GetName]§! faith\n;A un §Yseigneur lige§!, un §Yvassal§! ou un §Yseigneur voisin§! qui suit la foi §Y[triumphant.GetName]§!\n;Hat einen §YLehnsherrn§!, §YVasallen§! oder §Ybenachbarten Herrscher§!, der dem §Y[triumphant.GetName]§! Glauben folgt\n;;Tiene un §Yseñor§!, §Yvasallo§!, o §Ygobernante vecino§! que sigue la fe §Y[triumphant.GetName]§!\n;;;;;;;;;x
string_triumphant_symbol;the rangers;;;;;;;;;;;;;x
string_triumphant_symbol_cap;the Rangers;;;;;;;;;;;;;x
string_triumphant_symbol_short;ranger;;;;;;;;;;;;;x
string_triumphant_symbol_short_cap;Ranger;;;;;;;;;;;;;x
string_battle_nick_triumphant_symbol;the Ranger;;;;;;;;;;;;;x
string_WL_triumphant_religion;§Y[triumphant.GetName]§! religion;;;;;;;;;;x
triumphant_leader;Triumphant Leader;;;;;;;;;;;;;;x
triumphant_leader_desc;This character is a Triumphant Leader.;;;;;;;;;;;;;;x
warrior_lodge_custodite;Custodite Warrior Lodge;;;;;;;;;x
warrior_lodge_custodite_desc;A Warrior Lodge.;;;;;;;;;x
warrior_lodge_custodite_rank_1_male;Initiate;;;;;;;;;x
warrior_lodge_custodite_rank_1_female;Initiate;;;;;;;;;x
warrior_lodge_custodite_rank_2_male;Fighter;;;;;;;;;x
warrior_lodge_custodite_rank_2_female;Fighter;;;;;;;;;x
warrior_lodge_custodite_rank_3_male;Veteran;;;;;;;;;x
warrior_lodge_custodite_rank_3_female;Veteran;;;;;;;;;x
warrior_lodge_custodite_rank_4_male;Champion;;;;;;;;;x
warrior_lodge_custodite_rank_4_female;Champion;;;;;;;;;x
has_liege_vassal_or_neighbor_of_custodite_religion_tt;Has a §YLiege§!, §YVassal§!, or a §Yneighbouring ruler§! who follows the §Y[custodite.GetName]§! faith\n;A un §Yseigneur lige§!, un §Yvassal§! ou un §Yseigneur voisin§! qui suit la foi §Y[custodite.GetName]§!\n;Hat einen §YLehnsherrn§!, §YVasallen§! oder §Ybenachbarten Herrscher§!, der dem §Y[custodite.GetName]§! Glauben folgt\n;;Tiene un §Yseñor§!, §Yvasallo§!, o §Ygobernante vecino§! que sigue la fe §Y[custodite.GetName]§!\n;;;;;;;;;x
string_custodite_symbol;the rangers;;;;;;;;;;;;;x
string_custodite_symbol_cap;the Rangers;;;;;;;;;;;;;x
string_custodite_symbol_short;ranger;;;;;;;;;;;;;x
string_custodite_symbol_short_cap;Ranger;;;;;;;;;;;;;x
string_battle_nick_custodite_symbol;the Ranger;;;;;;;;;;;;;x
string_WL_custodite_religion;§Y[custodite.GetName]§! religion;;;;;;;;;;x
custodite_leader;Custodite Leader;;;;;;;;;;;;;;x
custodite_leader_desc;This character is a Custodite Leader.;;;;;;;;;;;;;;x
warrior_lodge_gibborim;Gibborim Warrior Lodge;;;;;;;;;x
warrior_lodge_gibborim_desc;A Warrior Lodge.;;;;;;;;;x
warrior_lodge_gibborim_rank_1_male;Initiate;;;;;;;;;x
warrior_lodge_gibborim_rank_1_female;Initiate;;;;;;;;;x
warrior_lodge_gibborim_rank_2_male;Fighter;;;;;;;;;x
warrior_lodge_gibborim_rank_2_female;Fighter;;;;;;;;;x
warrior_lodge_gibborim_rank_3_male;Veteran;;;;;;;;;x
warrior_lodge_gibborim_rank_3_female;Veteran;;;;;;;;;x
warrior_lodge_gibborim_rank_4_male;Champion;;;;;;;;;x
warrior_lodge_gibborim_rank_4_female;Champion;;;;;;;;;x
has_liege_vassal_or_neighbor_of_gibborim_religion_tt;Has a §YLiege§!, §YVassal§!, or a §Yneighbouring ruler§! who follows the §Y[gibborim.GetName]§! faith\n;A un §Yseigneur lige§!, un §Yvassal§! ou un §Yseigneur voisin§! qui suit la foi §Y[gibborim.GetName]§!\n;Hat einen §YLehnsherrn§!, §YVasallen§! oder §Ybenachbarten Herrscher§!, der dem §Y[gibborim.GetName]§! Glauben folgt\n;;Tiene un §Yseñor§!, §Yvasallo§!, o §Ygobernante vecino§! que sigue la fe §Y[gibborim.GetName]§!\n;;;;;;;;;x
string_gibborim_symbol;the rangers;;;;;;;;;;;;;x
string_gibborim_symbol_cap;the Rangers;;;;;;;;;;;;;x
string_gibborim_symbol_short;ranger;;;;;;;;;;;;;x
string_gibborim_symbol_short_cap;Ranger;;;;;;;;;;;;;x
string_battle_nick_gibborim_symbol;the Ranger;;;;;;;;;;;;;x
string_WL_gibborim_religion;§Y[gibborim.GetName]§! religion;;;;;;;;;;x
gibborim_leader;gibborim Leader;;;;;;;;;;;;;;x
gibborim_leader_desc;This character is a gibborim Leader.;;;;;;;;;;;;;;x
warrior_lodge_gator;Gator Warrior Lodge;;;;;;;;;x
warrior_lodge_gator_desc;A Warrior Lodge.;;;;;;;;;x
warrior_lodge_gator_rank_1_male;Initiate;;;;;;;;;x
warrior_lodge_gator_rank_1_female;Initiate;;;;;;;;;x
warrior_lodge_gator_rank_2_male;Fighter;;;;;;;;;x
warrior_lodge_gator_rank_2_female;Fighter;;;;;;;;;x
warrior_lodge_gator_rank_3_male;Veteran;;;;;;;;;x
warrior_lodge_gator_rank_3_female;Veteran;;;;;;;;;x
warrior_lodge_gator_rank_4_male;Champion;;;;;;;;;x
warrior_lodge_gator_rank_4_female;Champion;;;;;;;;;x
has_liege_vassal_or_neighbor_of_gator_religion_tt;Has a §YLiege§!, §YVassal§!, or a §Yneighbouring ruler§! who follows the §Y[gator_pagan.GetName]§! faith\n;A un §Yseigneur lige§!, un §Yvassal§! ou un §Yseigneur voisin§! qui suit la foi §Y[gator_pagan.GetName]§!\n;Hat einen §YLehnsherrn§!, §YVasallen§! oder §Ybenachbarten Herrscher§!, der dem §Y[gator_pagan.GetName]§! Glauben folgt\n;;Tiene un §Yseñor§!, §Yvasallo§!, o §Ygobernante vecino§! que sigue la fe §Y[gator_pagan.GetName]§!\n;;;;;;;;;x
string_gator_symbol;the rangers;;;;;;;;;;;;;x
string_gator_symbol_cap;the Rangers;;;;;;;;;;;;;x
string_gator_symbol_short;ranger;;;;;;;;;;;;;x
string_gator_symbol_short_cap;Ranger;;;;;;;;;;;;;x
string_battle_nick_gator_symbol;the Ranger;;;;;;;;;;;;;x
string_WL_gator_religion;§Y[gator_pagan.GetName]§! religion;;;;;;;;;;x
gator_leader;Gator Leader;;;;;;;;;;;;;;x
gator_leader_desc;This character is a Gator Leader.;;;;;;;;;;;;;;x
warrior_lodge_antiquarianist;Antiquarianist Warrior Lodge;;;;;;;;;x
warrior_lodge_antiquarianist_desc;A Warrior Lodge.;;;;;;;;;x
warrior_lodge_antiquarianist_rank_1_male;Initiate;;;;;;;;;x
warrior_lodge_antiquarianist_rank_1_female;Initiate;;;;;;;;;x
warrior_lodge_antiquarianist_rank_2_male;Fighter;;;;;;;;;x
warrior_lodge_antiquarianist_rank_2_female;Fighter;;;;;;;;;x
warrior_lodge_antiquarianist_rank_3_male;Veteran;;;;;;;;;x
warrior_lodge_antiquarianist_rank_3_female;Veteran;;;;;;;;;x
warrior_lodge_antiquarianist_rank_4_male;Champion;;;;;;;;;x
warrior_lodge_antiquarianist_rank_4_female;Champion;;;;;;;;;x
has_liege_vassal_or_neighbor_of_antiquarianist_religion_tt;Has a §YLiege§!, §YVassal§!, or a §Yneighbouring ruler§! who follows the §Y[antiquarianist.GetName]§! faith\n;A un §Yseigneur lige§!, un §Yvassal§! ou un §Yseigneur voisin§! qui suit la foi §Y[antiquarianist.GetName]§!\n;Hat einen §YLehnsherrn§!, §YVasallen§! oder §Ybenachbarten Herrscher§!, der dem §Y[antiquarianist.GetName]§! Glauben folgt\n;;Tiene un §Yseñor§!, §Yvasallo§!, o §Ygobernante vecino§! que sigue la fe §Y[antiquarianist.GetName]§!\n;;;;;;;;;x
string_antiquarianist_symbol;the rangers;;;;;;;;;;;;;x
string_antiquarianist_symbol_cap;the Rangers;;;;;;;;;;;;;x
string_antiquarianist_symbol_short;ranger;;;;;;;;;;;;;x
string_antiquarianist_symbol_short_cap;Ranger;;;;;;;;;;;;;x
string_battle_nick_antiquarianist_symbol;the Ranger;;;;;;;;;;;;;x
string_WL_antiquarianist_religion;§Y[antiquarianist.GetName]§! religion;;;;;;;;;;x
antiquarianist_leader;Antiquarianist Leader;;;;;;;;;;;;;;x
antiquarianist_leader_desc;This character is an Antiquarianist Leader.;;;;;;;;;;;;;;x
warrior_lodge_gaian;Gaian Warrior Lodge;;;;;;;;;x
warrior_lodge_gaian_desc;A Warrior Lodge.;;;;;;;;;x
warrior_lodge_gaian_rank_1_male;Initiate;;;;;;;;;x
warrior_lodge_gaian_rank_1_female;Initiate;;;;;;;;;x
warrior_lodge_gaian_rank_2_male;Fighter;;;;;;;;;x
warrior_lodge_gaian_rank_2_female;Fighter;;;;;;;;;x
warrior_lodge_gaian_rank_3_male;Veteran;;;;;;;;;x
warrior_lodge_gaian_rank_3_female;Veteran;;;;;;;;;x
warrior_lodge_gaian_rank_4_male;Champion;;;;;;;;;x
warrior_lodge_gaian_rank_4_female;Champion;;;;;;;;;x
has_liege_vassal_or_neighbor_of_gaian_religion_tt;Has a §YLiege§!, §YVassal§!, or a §Yneighbouring ruler§! who follows the §Y[gaian.GetName]§! faith\n;A un §Yseigneur lige§!, un §Yvassal§! ou un §Yseigneur voisin§! qui suit la foi §Y[gaian.GetName]§!\n;Hat einen §YLehnsherrn§!, §YVasallen§! oder §Ybenachbarten Herrscher§!, der dem §Y[gaian.GetName]§! Glauben folgt\n;;Tiene un §Yseñor§!, §Yvasallo§!, o §Ygobernante vecino§! que sigue la fe §Y[gaian.GetName]§!\n;;;;;;;;;x
string_gaian_symbol;the rangers;;;;;;;;;;;;;x
string_gaian_symbol_cap;the Rangers;;;;;;;;;;;;;x
string_gaian_symbol_short;ranger;;;;;;;;;;;;;x
string_gaian_symbol_short_cap;Ranger;;;;;;;;;;;;;x
string_battle_nick_gaian_symbol;the Ranger;;;;;;;;;;;;;x
string_WL_gaian_religion;§Y[gaian.GetName]§! religion;;;;;;;;;;x
gaian_leader;gaian Leader;;;;;;;;;;;;;;x
gaian_leader_desc;This character is a Gaian Leader.;;;;;;;;;;;;;;x
warrior_lodge_delver;Delver Warrior Lodge;;;;;;;;;x
warrior_lodge_delver_desc;A Warrior Lodge.;;;;;;;;;x
warrior_lodge_delver_rank_1_male;Initiate;;;;;;;;;x
warrior_lodge_delver_rank_1_female;Initiate;;;;;;;;;x
warrior_lodge_delver_rank_2_male;Fighter;;;;;;;;;x
warrior_lodge_delver_rank_2_female;Fighter;;;;;;;;;x
warrior_lodge_delver_rank_3_male;Veteran;;;;;;;;;x
warrior_lodge_delver_rank_3_female;Veteran;;;;;;;;;x
warrior_lodge_delver_rank_4_male;Champion;;;;;;;;;x
warrior_lodge_delver_rank_4_female;Champion;;;;;;;;;x
has_liege_vassal_or_neighbor_of_delver_religion_tt;Has a §YLiege§!, §YVassal§!, or a §Yneighbouring ruler§! who follows the §Y[delver.GetName]§! faith\n;A un §Yseigneur lige§!, un §Yvassal§! ou un §Yseigneur voisin§! qui suit la foi §Y[delver.GetName]§!\n;Hat einen §YLehnsherrn§!, §YVasallen§! oder §Ybenachbarten Herrscher§!, der dem §Y[delver.GetName]§! Glauben folgt\n;;Tiene un §Yseñor§!, §Yvasallo§!, o §Ygobernante vecino§! que sigue la fe §Y[delver.GetName]§!\n;;;;;;;;;x
string_delver_symbol;the adventurers;;;;;;;;;;;;;x
string_delver_symbol_cap;the Adventurers;;;;;;;;;;;;;x
string_delver_symbol_short;adventurer;;;;;;;;;;;;;x
string_delver_symbol_short_cap;Adventurer;;;;;;;;;;;;;x
string_battle_nick_delver_symbol;the Adventurer;;;;;;;;;;;;;x
string_WL_delver_religion;§Y[delver.GetName]§! religion;;;;;;;;;;x
delver_leader;Delver Leader;;;;;;;;;;;;;;x
delver_leader_desc;This character is a Delver Leader.;;;;;;;;;;;;;;x
warrior_lodge_raider;Raider Warrior Lodge;;;;;;;;;x
warrior_lodge_raider_desc;A Warrior Lodge.;;;;;;;;;x
warrior_lodge_raider_rank_1_male;Initiate;;;;;;;;;x
warrior_lodge_raider_rank_1_female;Initiate;;;;;;;;;x
warrior_lodge_raider_rank_2_male;Fighter;;;;;;;;;x
warrior_lodge_raider_rank_2_female;Fighter;;;;;;;;;x
warrior_lodge_raider_rank_3_male;Veteran;;;;;;;;;x
warrior_lodge_raider_rank_3_female;Veteran;;;;;;;;;x
warrior_lodge_raider_rank_4_male;Champion;;;;;;;;;x
warrior_lodge_raider_rank_4_female;Champion;;;;;;;;;x
has_liege_vassal_or_neighbor_of_raider_religion_tt;Has a §YLiege§!, §YVassal§!, or a §Yneighbouring ruler§! who follows the §Y[pagan.GetName]§! faith\n;A un §Yseigneur lige§!, un §Yvassal§! ou un §Yseigneur voisin§! qui suit la foi §Y[delver.GetName]§!\n;Hat einen §YLehnsherrn§!, §YVasallen§! oder §Ybenachbarten Herrscher§!, der dem §Y[delver.GetName]§! Glauben folgt\n;;Tiene un §Yseñor§!, §Yvasallo§!, o §Ygobernante vecino§! que sigue la fe §Y[delver.GetName]§!\n;;;;;;;;;x
string_raider_symbol;the raiders;;;;;;;;;;;;;x
string_raider_symbol_cap;the Raiders;;;;;;;;;;;;;x
string_raider_symbol_short;raider;;;;;;;;;;;;;x
string_raider_symbol_short_cap;Raider;;;;;;;;;;;;;x
string_battle_nick_raider_symbol;the Raider;;;;;;;;;;;;;x
string_WL_raider_religion;§Y[pagan.GetName]§! religion;;;;;;;;;;x
raider_leader;Raider Leader;;;;;;;;;;;;;;x
raider_leader_desc;This character is a Raider Leader.;;;;;;;;;;;;;;x
warrior_lodge_cowboy_buddhist;cowboy_buddhist Warrior Lodge;;;;;;;;;x
warrior_lodge_cowboy_buddhist_desc;A Warrior Lodge.;;;;;;;;;x
warrior_lodge_cowboy_buddhist_rank_1_male;Initiate;;;;;;;;;x
warrior_lodge_cowboy_buddhist_rank_1_female;Initiate;;;;;;;;;x
warrior_lodge_cowboy_buddhist_rank_2_male;Fighter;;;;;;;;;x
warrior_lodge_cowboy_buddhist_rank_2_female;Fighter;;;;;;;;;x
warrior_lodge_cowboy_buddhist_rank_3_male;Veteran;;;;;;;;;x
warrior_lodge_cowboy_buddhist_rank_3_female;Veteran;;;;;;;;;x
warrior_lodge_cowboy_buddhist_rank_4_male;Champion;;;;;;;;;x
warrior_lodge_cowboy_buddhist_rank_4_female;Champion;;;;;;;;;x
has_liege_vassal_or_neighbor_of_cowboy_buddhist_religion_tt;Has a §YLiege§!, §YVassal§!, or a §Yneighbouring ruler§! who follows the §Y[cowboy_buddhist.GetName]§! faith\n;A un §Yseigneur lige§!, un §Yvassal§! ou un §Yseigneur voisin§! qui suit la foi §Y[cowboy_buddhist.GetName]§!\n;Hat einen §YLehnsherrn§!, §YVasallen§! oder §Ybenachbarten Herrscher§!, der dem §Y[cowboy_buddhist.GetName]§! Glauben folgt\n;;Tiene un §Yseñor§!, §Yvasallo§!, o §Ygobernante vecino§! que sigue la fe §Y[cowboy_buddhist.GetName]§!\n;;;;;;;;;x
string_cowboy_buddhist_symbol;the cowboy buddhists;;;;;;;;;;;;;x
string_cowboy_buddhist_symbol_cap;the Cowboy buddhists;;;;;;;;;;;;;x
string_cowboy_buddhist_symbol_short;cowboy buddhist;;;;;;;;;;;;;x
string_cowboy_buddhist_symbol_short_cap;cowboy_buddhist;;;;;;;;;;;;;x
string_battle_nick_cowboy_buddhist_symbol;the cowboy_buddhist;;;;;;;;;;;;;x
string_WL_cowboy_buddhist_religion;§Y[cowboy_buddhist.GetName]§! religion;;;;;;;;;;x
cowboy_buddhist_leader;cowboy_buddhist Leader;;;;;;;;;;;;;;x
cowboy_buddhist_leader_desc;This character is a cowboy_buddhist Leader.;;;;;;;;;;;;;;x
warrior_lodge_peyotist;peyotist Warrior Lodge;;;;;;;;;x
warrior_lodge_peyotist_desc;A Warrior Lodge.;;;;;;;;;x
warrior_lodge_peyotist_rank_1_male;Initiate;;;;;;;;;x
warrior_lodge_peyotist_rank_1_female;Initiate;;;;;;;;;x
warrior_lodge_peyotist_rank_2_male;Fighter;;;;;;;;;x
warrior_lodge_peyotist_rank_2_female;Fighter;;;;;;;;;x
warrior_lodge_peyotist_rank_3_male;Veteran;;;;;;;;;x
warrior_lodge_peyotist_rank_3_female;Veteran;;;;;;;;;x
warrior_lodge_peyotist_rank_4_male;Champion;;;;;;;;;x
warrior_lodge_peyotist_rank_4_female;Champion;;;;;;;;;x
has_liege_vassal_or_neighbor_of_peyotist_religion_tt;Has a §YLiege§!, §YVassal§!, or a §Yneighbouring ruler§! who follows the §Y[peyotist.GetName]§! faith\n;A un §Yseigneur lige§!, un §Yvassal§! ou un §Yseigneur voisin§! qui suit la foi §Y[peyotist.GetName]§!\n;Hat einen §YLehnsherrn§!, §YVasallen§! oder §Ybenachbarten Herrscher§!, der dem §Y[peyotist.GetName]§! Glauben folgt\n;;Tiene un §Yseñor§!, §Yvasallo§!, o §Ygobernante vecino§! que sigue la fe §Y[peyotist.GetName]§!\n;;;;;;;;;x
string_peyotist_symbol;the rangers;;;;;;;;;;;;;x
string_peyotist_symbol_cap;the Rangers;;;;;;;;;;;;;x
string_peyotist_symbol_short;ranger;;;;;;;;;;;;;x
string_peyotist_symbol_short_cap;Ranger;;;;;;;;;;;;;x
string_battle_nick_peyotist_symbol;the Ranger;;;;;;;;;;;;;x
string_WL_peyotist_religion;§Y[peyotist.GetName]§! religion;;;;;;;;;;x
peyotist_leader;peyotist Leader;;;;;;;;;;;;;;x
peyotist_leader_desc;This character is a peyotist Leader.;;;;;;;;;;;;;;x
warrior_lodge_sun_dance;sun_dance Warrior Lodge;;;;;;;;;x
warrior_lodge_sun_dance_desc;A Warrior Lodge.;;;;;;;;;x
warrior_lodge_sun_dance_rank_1_male;Initiate;;;;;;;;;x
warrior_lodge_sun_dance_rank_1_female;Initiate;;;;;;;;;x
warrior_lodge_sun_dance_rank_2_male;Fighter;;;;;;;;;x
warrior_lodge_sun_dance_rank_2_female;Fighter;;;;;;;;;x
warrior_lodge_sun_dance_rank_3_male;Veteran;;;;;;;;;x
warrior_lodge_sun_dance_rank_3_female;Veteran;;;;;;;;;x
warrior_lodge_sun_dance_rank_4_male;Champion;;;;;;;;;x
warrior_lodge_sun_dance_rank_4_female;Champion;;;;;;;;;x
has_liege_vassal_or_neighbor_of_sun_dance_religion_tt;Has a §YLiege§!, §YVassal§!, or a §Yneighbouring ruler§! who follows the §Y[sun_dance.GetName]§! faith\n;A un §Yseigneur lige§!, un §Yvassal§! ou un §Yseigneur voisin§! qui suit la foi §Y[sun_dance.GetName]§!\n;Hat einen §YLehnsherrn§!, §YVasallen§! oder §Ybenachbarten Herrscher§!, der dem §Y[sun_dance.GetName]§! Glauben folgt\n;;Tiene un §Yseñor§!, §Yvasallo§!, o §Ygobernante vecino§! que sigue la fe §Y[sun_dance.GetName]§!\n;;;;;;;;;x
string_sun_dance_symbol;the rangers;;;;;;;;;;;;;x
string_sun_dance_symbol_cap;the Rangers;;;;;;;;;;;;;x
string_sun_dance_symbol_short;ranger;;;;;;;;;;;;;x
string_sun_dance_symbol_short_cap;Ranger;;;;;;;;;;;;;x
string_battle_nick_sun_dance_symbol;the Ranger;;;;;;;;;;;;;x
string_WL_sun_dance_religion;§Y[sun_dance.GetName]§! religion;;;;;;;;;;x
sun_dance_leader;sun_dance Leader;;;;;;;;;;;;;;x
sun_dance_leader_desc;This character is a sun_dance Leader.;;;;;;;;;;;;;;x
warrior_lodge_juggalo;Juggalo Warrior Lodge;;;;;;;;;x
warrior_lodge_juggalo_desc;A Warrior Lodge.;;;;;;;;;x
warrior_lodge_juggalo_rank_1_male;Initiate;;;;;;;;;x
warrior_lodge_juggalo_rank_1_female;Initiate;;;;;;;;;x
warrior_lodge_juggalo_rank_2_male;Fighter;;;;;;;;;x
warrior_lodge_juggalo_rank_2_female;Fighter;;;;;;;;;x
warrior_lodge_juggalo_rank_3_male;Veteran;;;;;;;;;x
warrior_lodge_juggalo_rank_3_female;Veteran;;;;;;;;;x
warrior_lodge_juggalo_rank_4_male;Champion;;;;;;;;;x
warrior_lodge_juggalo_rank_4_female;Champion;;;;;;;;;x
has_liege_vassal_or_neighbor_of_juggalo_religion_tt;Has a §YLiege§!, §YVassal§!, or a §Yneighbouring ruler§! who follows the §Y[juggalo.GetName]§! faith\n;A un §Yseigneur lige§!, un §Yvassal§! ou un §Yseigneur voisin§! qui suit la foi §Y[juggalo.GetName]§!\n;Hat einen §YLehnsherrn§!, §YVasallen§! oder §Ybenachbarten Herrscher§!, der dem §Y[juggalo.GetName]§! Glauben folgt\n;;Tiene un §Yseñor§!, §Yvasallo§!, o §Ygobernante vecino§! que sigue la fe §Y[juggalo.GetName]§!\n;;;;;;;;;x
string_juggalo_symbol;the clowns;;;;;;;;;;;;;x
string_juggalo_symbol_cap;the Clowns;;;;;;;;;;;;;x
string_juggalo_symbol_short;clown;;;;;;;;;;;;;x
string_juggalo_symbol_short_cap;Clown;;;;;;;;;;;;;x
string_battle_nick_juggalo_symbol;the Clown;;;;;;;;;;;;;x
string_WL_juggalo_religion;§Y[juggalo.GetName]§! religion;;;;;;;;;;x
juggalo_leader;juggalo Leader;;;;;;;;;;;;;;x
juggalo_leader_desc;This character is a juggalo Leader.;;;;;;;;;;;;;;x
warrior_lodge_crow_way;crow_way Warrior Lodge;;;;;;;;;x
warrior_lodge_crow_way_desc;A Warrior Lodge.;;;;;;;;;x
warrior_lodge_crow_way_rank_1_male;Initiate;;;;;;;;;x
warrior_lodge_crow_way_rank_1_female;Initiate;;;;;;;;;x
warrior_lodge_crow_way_rank_2_male;Fighter;;;;;;;;;x
warrior_lodge_crow_way_rank_2_female;Fighter;;;;;;;;;x
warrior_lodge_crow_way_rank_3_male;Veteran;;;;;;;;;x
warrior_lodge_crow_way_rank_3_female;Veteran;;;;;;;;;x
warrior_lodge_crow_way_rank_4_male;Champion;;;;;;;;;x
warrior_lodge_crow_way_rank_4_female;Champion;;;;;;;;;x
has_liege_vassal_or_neighbor_of_crow_way_religion_tt;Has a §YLiege§!, §YVassal§!, or a §Yneighbouring ruler§! who follows the §Y[crow_way.GetName]§! faith\n;A un §Yseigneur lige§!, un §Yvassal§! ou un §Yseigneur voisin§! qui suit la foi §Y[crow_way.GetName]§!\n;Hat einen §YLehnsherrn§!, §YVasallen§! oder §Ybenachbarten Herrscher§!, der dem §Y[crow_way.GetName]§! Glauben folgt\n;;Tiene un §Yseñor§!, §Yvasallo§!, o §Ygobernante vecino§! que sigue la fe §Y[crow_way.GetName]§!\n;;;;;;;;;x
string_crow_way_symbol;the crows;;;;;;;;;;;;;x
string_crow_way_symbol_cap;the Crows;;;;;;;;;;;;;x
string_crow_way_symbol_short;crow;;;;;;;;;;;;;x
string_crow_way_symbol_short_cap;Crow;;;;;;;;;;;;;x
string_battle_nick_crow_way_symbol;the Crow;;;;;;;;;;;;;x
string_WL_crow_way_religion;§Y[crow_way.GetName]§! religion;;;;;;;;;;x
crow_way_leader;crow_way Leader;;;;;;;;;;;;;;x
crow_way_leader_desc;This character is a crow_way Leader.;;;;;;;;;;;;;;x
warrior_lodge_lakefolk;Lakefolk Warrior Lodge;;;;;;;;;x
warrior_lodge_lakefolk_desc;A Warrior Lodge.;;;;;;;;;x
warrior_lodge_lakefolk_rank_1_male;Initiate;;;;;;;;;x
warrior_lodge_lakefolk_rank_1_female;Initiate;;;;;;;;;x
warrior_lodge_lakefolk_rank_2_male;Fighter;;;;;;;;;x
warrior_lodge_lakefolk_rank_2_female;Fighter;;;;;;;;;x
warrior_lodge_lakefolk_rank_3_male;Veteran;;;;;;;;;x
warrior_lodge_lakefolk_rank_3_female;Veteran;;;;;;;;;x
warrior_lodge_lakefolk_rank_4_male;Champion;;;;;;;;;x
warrior_lodge_lakefolk_rank_4_female;Champion;;;;;;;;;x
has_liege_vassal_or_neighbor_of_lakefolk_religion_tt;Has a §YLiege§!, §YVassal§!, or a §Yneighbouring ruler§! who follows the §Y[lakefolk_pagan.GetName]§! faith\n;A un §Yseigneur lige§!, un §Yvassal§! ou un §Yseigneur voisin§! qui suit la foi §Y[lakefolk_pagan.GetName]§!\n;Hat einen §YLehnsherrn§!, §YVasallen§! oder §Ybenachbarten Herrscher§!, der dem §Y[lakefolk_pagan.GetName]§! Glauben folgt\n;;Tiene un §Yseñor§!, §Yvasallo§!, o §Ygobernante vecino§! que sigue la fe §Y[lakefolk_pagan.GetName]§!\n;;;;;;;;;x
string_lakefolk_symbol;the rangers;;;;;;;;;;;;;x
string_lakefolk_symbol_cap;the Rangers;;;;;;;;;;;;;x
string_lakefolk_symbol_short;ranger;;;;;;;;;;;;;x
string_lakefolk_symbol_short_cap;Ranger;;;;;;;;;;;;;x
string_battle_nick_lakefolk_symbol;the Ranger;;;;;;;;;;;;;x
string_WL_lakefolk_religion;§Y[lakefolk_pagan.GetName]§! religion;;;;;;;;;;x
lakefolk_leader;Lakefolk Leader;;;;;;;;;;;;;;x
lakefolk_leader_desc;This character is a lakefolk Leader.;;;;;;;;;;;;;;x
warrior_lodge_raven_tales;raven_tales Warrior Lodge;;;;;;;;;x
warrior_lodge_raven_tales_desc;A Warrior Lodge.;;;;;;;;;x
warrior_lodge_raven_tales_rank_1_male;Initiate;;;;;;;;;x
warrior_lodge_raven_tales_rank_1_female;Initiate;;;;;;;;;x
warrior_lodge_raven_tales_rank_2_male;Fighter;;;;;;;;;x
warrior_lodge_raven_tales_rank_2_female;Fighter;;;;;;;;;x
warrior_lodge_raven_tales_rank_3_male;Veteran;;;;;;;;;x
warrior_lodge_raven_tales_rank_3_female;Veteran;;;;;;;;;x
warrior_lodge_raven_tales_rank_4_male;Champion;;;;;;;;;x
warrior_lodge_raven_tales_rank_4_female;Champion;;;;;;;;;x
has_liege_vassal_or_neighbor_of_raven_tales_religion_tt;Has a §YLiege§!, §YVassal§!, or a §Yneighbouring ruler§! who follows the §Y[raven_tales.GetName]§! faith\n;A un §Yseigneur lige§!, un §Yvassal§! ou un §Yseigneur voisin§! qui suit la foi §Y[raven_tales.GetName]§!\n;Hat einen §YLehnsherrn§!, §YVasallen§! oder §Ybenachbarten Herrscher§!, der dem §Y[raven_tales.GetName]§! Glauben folgt\n;;Tiene un §Yseñor§!, §Yvasallo§!, o §Ygobernante vecino§! que sigue la fe §Y[raven_tales.GetName]§!\n;;;;;;;;;x
string_raven_tales_symbol;the ravens;;;;;;;;;;;;;x
string_raven_tales_symbol_cap;the Ravens;;;;;;;;;;;;;x
string_raven_tales_symbol_short;raven;;;;;;;;;;;;;x
string_raven_tales_symbol_short_cap;Raven;;;;;;;;;;;;;x
string_battle_nick_raven_tales_symbol;the Raven;;;;;;;;;;;;;x
string_WL_raven_tales_religion;§Y[raven_tales.GetName]§! religion;;;;;;;;;;x
raven_tales_leader;raven_tales Leader;;;;;;;;;;;;;;x
raven_tales_leader_desc;This character is a raven_tales Leader.;;;;;;;;;;;;;;x
warrior_lodge_zenith;The Keepers of the Flame;Gardiens de la Flamme;Hüter der Flamme;;los Guardianes de la Llama;;;;;;;;x
warrior_lodge_zenith_desc;With Sol always watching, the Keepers of the Flame vow to be as strong as their scorching god in the sky. Spending long hours training and practicing with each other, clad in the colors of flame, they are known for their cool determination on the battlefield.;Zun veillant, les Gardiens de la Flamme promettent d'être aussi forts que leur dieu brûlant dans le ciel. Passant de longues heures à s'entraîner seuls ou en groupe, habillés aux couleurs des flammes, ils sont connus pour leur détermination sur le champ de bataille.;Die Hüter der Flamme beobachten immer den Zun und geloben so stark zu sein, wie der glühende Gott im Himmel. Sie trainieren stundenlang miteinander und üben gemeinsam in den Farben der Flamme. Sie sind bekannt für ihre kühne Entschlossenheit auf dem Schlachtfeld.;;Con Zun siempre observando, los Guardianes de la Llama juran ser tan fuertes como su dios abrasador en el cielo. Pasan largas horas entrenando y practicando unos con otros, vestidos con los colores de las llamas y se les reconoce por su fría determinación en el campo de batalla.;;;;;;;;x
warrior_lodge_zenith_rank_1_male;Initiate;;;;;;;;;x
warrior_lodge_zenith_rank_1_female;Initiate;;;;;;;;;x
warrior_lodge_zenith_rank_2_male;Fighter;;;;;;;;;x
warrior_lodge_zenith_rank_2_female;Fighter;;;;;;;;;x
warrior_lodge_zenith_rank_3_male;Veteran;;;;;;;;;x
warrior_lodge_zenith_rank_3_female;Veteran;;;;;;;;;x
warrior_lodge_zenith_rank_4_male;Champion;;;;;;;;;x
warrior_lodge_zenith_rank_4_female;Champion;;;;;;;;;x
has_liege_vassal_or_neighbor_of_zenith_religion_tt;Has a §YLiege§!, §YVassal§!, or a §Yneighbouring ruler§! who follows the §Y[zenith.GetName]§! faith\n;A un §Yseigneur lige§!, un §Yvassal§! ou un §Yseigneur voisin§! qui suit la foi §Y[zenith.GetName]§!\n;Hat einen §YLehnsherrn§!, §YVasallen§! oder §Ybenachbarten Herrscher§!, der dem §Y[zenith.GetName]§! Glauben folgt\n;;Tiene un §Yseñor§!, §Yvasallo§!, o §Ygobernante vecino§! que sigue la fe §Y[zenith.GetName]§!\n;;;;;;;;;x
string_zenith_symbol;the rangers;;;;;;;;;;;;;x
string_zenith_symbol_cap;the Rangers;;;;;;;;;;;;;x
string_zenith_symbol_short;ranger;;;;;;;;;;;;;x
string_zenith_symbol_short_cap;Ranger;;;;;;;;;;;;;x
string_battle_nick_zenith_symbol;the Ranger;;;;;;;;;;;;;x
string_WL_zenith_religion;§Y[zenith.GetName]§! religion;;;;;;;;;;x
zenith_leader;Scorcher;Fournaise;Flammengänger;;Abrasador;;;;;;;;;x
zenith_leader_desc;This character works well with siege weapons and is fast on [GetHerHis] feet, easily traversing both mountain and desert.;Ce personnage maîtrise les armes de siège et est rapide, traversant facilement les montagnes et les déserts.;Dieser Charakter weiß mit Belagerungswaffen umzugehen und ist schnell auf [GetHerHis]en Füßen, wodurch er leicht bergauf und durch die Wüste kommt.;;Este personaje trabaja bien con las armas de asedio, es de movimiento rápido, recorriendo fácilmente montañas y desiertos.;;;;;;;;;x
warrior_lodge_arcadian;arcadian Warrior Lodge;;;;;;;;;x
warrior_lodge_arcadian_desc;A Warrior Lodge.;;;;;;;;;x
warrior_lodge_arcadian_rank_1_male;Initiate;;;;;;;;;x
warrior_lodge_arcadian_rank_1_female;Initiate;;;;;;;;;x
warrior_lodge_arcadian_rank_2_male;Fighter;;;;;;;;;x
warrior_lodge_arcadian_rank_2_female;Fighter;;;;;;;;;x
warrior_lodge_arcadian_rank_3_male;Veteran;;;;;;;;;x
warrior_lodge_arcadian_rank_3_female;Veteran;;;;;;;;;x
warrior_lodge_arcadian_rank_4_male;Champion;;;;;;;;;x
warrior_lodge_arcadian_rank_4_female;Champion;;;;;;;;;x
has_liege_vassal_or_neighbor_of_arcadian_religion_tt;Has a §YLiege§!, §YVassal§!, or a §Yneighbouring ruler§! who follows the §Y[arcadian.GetName]§! faith\n;A un §Yseigneur lige§!, un §Yvassal§! ou un §Yseigneur voisin§! qui suit la foi §Y[arcadian.GetName]§!\n;Hat einen §YLehnsherrn§!, §YVasallen§! oder §Ybenachbarten Herrscher§!, der dem §Y[arcadian.GetName]§! Glauben folgt\n;;Tiene un §Yseñor§!, §Yvasallo§!, o §Ygobernante vecino§! que sigue la fe §Y[arcadian.GetName]§!\n;;;;;;;;;x
string_arcadian_symbol;the rangers;;;;;;;;;;;;;x
string_arcadian_symbol_cap;the Rangers;;;;;;;;;;;;;x
string_arcadian_symbol_short;ranger;;;;;;;;;;;;;x
string_arcadian_symbol_short_cap;Ranger;;;;;;;;;;;;;x
string_battle_nick_arcadian_symbol;the Ranger;;;;;;;;;;;;;x
string_WL_arcadian_religion;§Y[arcadian.GetName]§! religion;;;;;;;;;;x
arcadian_leader;arcadian Leader;;;;;;;;;;;;;;x
arcadian_leader_desc;This character is a arcadian Leader.;;;;;;;;;;;;;;x
warrior_lodge_anishinaabe;anishinaabe Warrior Lodge;;;;;;;;;x
warrior_lodge_anishinaabe_desc;A Warrior Lodge.;;;;;;;;;x
warrior_lodge_anishinaabe_rank_1_male;Initiate;;;;;;;;;x
warrior_lodge_anishinaabe_rank_1_female;Initiate;;;;;;;;;x
warrior_lodge_anishinaabe_rank_2_male;Fighter;;;;;;;;;x
warrior_lodge_anishinaabe_rank_2_female;Fighter;;;;;;;;;x
warrior_lodge_anishinaabe_rank_3_male;Veteran;;;;;;;;;x
warrior_lodge_anishinaabe_rank_3_female;Veteran;;;;;;;;;x
warrior_lodge_anishinaabe_rank_4_male;Champion;;;;;;;;;x
warrior_lodge_anishinaabe_rank_4_female;Champion;;;;;;;;;x
has_liege_vassal_or_neighbor_of_anishinaabe_religion_tt;Has a §YLiege§!, §YVassal§!, or a §Yneighbouring ruler§! who follows the §Y[anishinaabe.GetName]§! faith\n;A un §Yseigneur lige§!, un §Yvassal§! ou un §Yseigneur voisin§! qui suit la foi §Y[anishinaabe.GetName]§!\n;Hat einen §YLehnsherrn§!, §YVasallen§! oder §Ybenachbarten Herrscher§!, der dem §Y[anishinaabe.GetName]§! Glauben folgt\n;;Tiene un §Yseñor§!, §Yvasallo§!, o §Ygobernante vecino§! que sigue la fe §Y[anishinaabe.GetName]§!\n;;;;;;;;;x
string_anishinaabe_symbol;the rangers;;;;;;;;;;;;;x
string_anishinaabe_symbol_cap;the Rangers;;;;;;;;;;;;;x
string_anishinaabe_symbol_short;ranger;;;;;;;;;;;;;x
string_anishinaabe_symbol_short_cap;Ranger;;;;;;;;;;;;;x
string_battle_nick_anishinaabe_symbol;the Ranger;;;;;;;;;;;;;x
string_WL_anishinaabe_religion;§Y[anishinaabe.GetName]§! religion;;;;;;;;;;x
anishinaabe_leader;anishinaabe Leader;;;;;;;;;;;;;;x
anishinaabe_leader_desc;This character is a anishinaabe Leader.;;;;;;;;;;;;;;x
warrior_lodge_marked;Marked Warrior Lodge;;;;;;;;;x
warrior_lodge_marked_desc;A Warrior Lodge.;;;;;;;;;x
warrior_lodge_marked_rank_1_male;Initiate;;;;;;;;;x
warrior_lodge_marked_rank_1_female;Initiate;;;;;;;;;x
warrior_lodge_marked_rank_2_male;Fighter;;;;;;;;;x
warrior_lodge_marked_rank_2_female;Fighter;;;;;;;;;x
warrior_lodge_marked_rank_3_male;Veteran;;;;;;;;;x
warrior_lodge_marked_rank_3_female;Veteran;;;;;;;;;x
warrior_lodge_marked_rank_4_male;Champion;;;;;;;;;x
warrior_lodge_marked_rank_4_female;Champion;;;;;;;;;x
has_liege_vassal_or_neighbor_of_marked_religion_tt;Has a §YLiege§!, §YVassal§!, or a §Yneighbouring ruler§! who follows the §Y[marked.GetName]§! faith\n;A un §Yseigneur lige§!, un §Yvassal§! ou un §Yseigneur voisin§! qui suit la foi §Y[marked.GetName]§!\n;Hat einen §YLehnsherrn§!, §YVasallen§! oder §Ybenachbarten Herrscher§!, der dem §Y[marked.GetName]§! Glauben folgt\n;;Tiene un §Yseñor§!, §Yvasallo§!, o §Ygobernante vecino§! que sigue la fe §Y[marked.GetName]§!\n;;;;;;;;;x
string_marked_symbol;the rangers;;;;;;;;;;;;;x
string_marked_symbol_cap;the Rangers;;;;;;;;;;;;;x
string_marked_symbol_short;ranger;;;;;;;;;;;;;x
string_marked_symbol_short_cap;Ranger;;;;;;;;;;;;;x
string_battle_nick_marked_symbol;the Ranger;;;;;;;;;;;;;x
string_WL_marked_religion;§Y[marked.GetName]§! religion;;;;;;;;;;x
marked_leader;Marked Leader;;;;;;;;;;;;;;x
marked_leader_desc;This character is a marked Leader.;;;;;;;;;;;;;;x
warrior_lodge_trinitarian;trinitarian Warrior Lodge;;;;;;;;;x
warrior_lodge_trinitarian_desc;A Warrior Lodge.;;;;;;;;;x
warrior_lodge_trinitarian_rank_1_male;Initiate;;;;;;;;;x
warrior_lodge_trinitarian_rank_1_female;Initiate;;;;;;;;;x
warrior_lodge_trinitarian_rank_2_male;Fighter;;;;;;;;;x
warrior_lodge_trinitarian_rank_2_female;Fighter;;;;;;;;;x
warrior_lodge_trinitarian_rank_3_male;Veteran;;;;;;;;;x
warrior_lodge_trinitarian_rank_3_female;Veteran;;;;;;;;;x
warrior_lodge_trinitarian_rank_4_male;Champion;;;;;;;;;x
warrior_lodge_trinitarian_rank_4_female;Champion;;;;;;;;;x
has_liege_vassal_or_neighbor_of_trinitarian_religion_tt;Has a §YLiege§!, §YVassal§!, or a §Yneighbouring ruler§! who follows the §Y[trinitarian.GetName]§! faith\n;A un §Yseigneur lige§!, un §Yvassal§! ou un §Yseigneur voisin§! qui suit la foi §Y[trinitarian.GetName]§!\n;Hat einen §YLehnsherrn§!, §YVasallen§! oder §Ybenachbarten Herrscher§!, der dem §Y[trinitarian.GetName]§! Glauben folgt\n;;Tiene un §Yseñor§!, §Yvasallo§!, o §Ygobernante vecino§! que sigue la fe §Y[trinitarian.GetName]§!\n;;;;;;;;;x
string_trinitarian_symbol;the rangers;;;;;;;;;;;;;x
string_trinitarian_symbol_cap;the Rangers;;;;;;;;;;;;;x
string_trinitarian_symbol_short;ranger;;;;;;;;;;;;;x
string_trinitarian_symbol_short_cap;Ranger;;;;;;;;;;;;;x
string_battle_nick_trinitarian_symbol;the Ranger;;;;;;;;;;;;;x
string_WL_trinitarian_religion;§Y[trinitarian.GetName]§! religion;;;;;;;;;;x
trinitarian_leader;trinitarian Leader;;;;;;;;;;;;;;x
trinitarian_leader_desc;This character is a trinitarian Leader.;;;;;;;;;;;;;;x
warrior_lodge_kemetic;Kemetic Warrior Lodge;;;;;;;;;x
warrior_lodge_kemetic_desc;A Warrior Lodge.;;;;;;;;;x
warrior_lodge_kemetic_rank_1_male;Initiate;;;;;;;;;x
warrior_lodge_kemetic_rank_1_female;Initiate;;;;;;;;;x
warrior_lodge_kemetic_rank_2_male;Fighter;;;;;;;;;x
warrior_lodge_kemetic_rank_2_female;Fighter;;;;;;;;;x
warrior_lodge_kemetic_rank_3_male;Veteran;;;;;;;;;x
warrior_lodge_kemetic_rank_3_female;Veteran;;;;;;;;;x
warrior_lodge_kemetic_rank_4_male;Champion;;;;;;;;;x
warrior_lodge_kemetic_rank_4_female;Champion;;;;;;;;;x
has_liege_vassal_or_neighbor_of_kemetic_religion_tt;Has a §YLiege§!, §YVassal§!, or a §Yneighbouring ruler§! who follows the §Y[kemetic.GetName]§! faith\n;A un §Yseigneur lige§!, un §Yvassal§! ou un §Yseigneur voisin§! qui suit la foi §Y[kemetic.GetName]§!\n;Hat einen §YLehnsherrn§!, §YVasallen§! oder §Ybenachbarten Herrscher§!, der dem §Y[kemetic.GetName]§! Glauben folgt\n;;Tiene un §Yseñor§!, §Yvasallo§!, o §Ygobernante vecino§! que sigue la fe §Y[kemetic.GetName]§!\n;;;;;;;;;x
string_kemetic_symbol;the rangers;;;;;;;;;;;;;x
string_kemetic_symbol_cap;the Rangers;;;;;;;;;;;;;x
string_kemetic_symbol_short;ranger;;;;;;;;;;;;;x
string_kemetic_symbol_short_cap;Ranger;;;;;;;;;;;;;x
string_battle_nick_kemetic_symbol;the Ranger;;;;;;;;;;;;;x
string_WL_kemetic_religion;§Y[kemetic.GetName]§! religion;;;;;;;;;;x
kemetic_leader;Kemetic Leader;;;;;;;;;;;;;;x
kemetic_leader_desc;This character is a Kemetic Leader.;;;;;;;;;;;;;;x