#NENW,,,,,,,,,,,,,,,,,,,,,,,,,,,,,,,,,,,,,,,,,,,,,,,,,,,,,,
,,,,,,,,,,,,,,,,,,,,,,,,,,,,,,,,,,,,,,,,,,,,,,,,,,,,,,
choose_arboreal_patron;Choose a Patron Diety;;;;;;;;;;;;;x,,,,,,,,,,,,,,,,,,,,,,,,,,,,,,,,,,,,,,,,,,,,,,,,,,,,,,
choose_arboreal_patron_desc;The Arboreal faith has many Gods. I should associate myself with one of them.;;;;;;;;;;;;;x,,,,,,,,,,,,,,,,,,,,,,,,,,,,,,,,,,,,,,,,,,,,,,,,,,,,,,
arboreal1Desc;The Great Architect is the creator of the universe, but there are many gods that can be worshiped among the Arboreal faithful, while others must be kept away. You should choose one to follow.;;;;;;;;;;;;;x,,,,,,,,,,,,,,,,,,,,,,,,,,,,,,,,,,,,,,,,,,,,,,,,,,,,
EVTOPTA_arboreal1;I shall follow the teachings of our Mother, Gaia.;;;;;;;;;;;;;x,,,,,,,,,,,,,,,,,,,,,,,,,,,,,,,,,,,,,,,,,,,,,,,,,,,,,
EVTOPTB_arboreal1;The Great Architect is the greatest, may he guide me!;;;;;;;;;;;;;x,,,,,,,,,,,,,,,,,,,,,,,,,,,,,,,,,,,,,,,,,,,,,,,,,,,,,
EVTOPTC_arboreal1;The Lesser Gods rule over many things, they deserve my worship.;;;;;;;;;;;;;x,,,,,,,,,,,,,,,,,,,,,,,,,,,,,,,,,,,,,,,,,,,,,,,,,,,,,
EVTOPTD_arboreal1;I will instead devote myself to halting the Old Ones.;;;;;;;;;;;;;x,,,,,,,,,,,,,,,,,,,,,,,,,,,,,,,,,,,,,,,,,,,,,,,,,,,,,,
arboreal_gaian_opinion;Gaian Lodge Opinion;;;;;;;;;;;;;x,,,,,,,,,,,,,,,,,,,,,,,,,,,,,,,,,,,,,,,,,,,,,,,,,,,,,,
arboreal_architect_opinion;Architectural Lodge Opinion;;;;;;;;;;;;;x,,,,,,,,,,,,,,,,,,,,,,,,,,,,,,,,,,,,,,,,,,,,,,,,,,,,,,
arboreal_murican_opinion;Hero Lodge Opinion;;;;;;;;;;;;;x,,,,,,,,,,,,,,,,,,,,,,,,,,,,,,,,,,,,,,,,,,,,,,,,,,,,,,
arboreal_old_ones_opinion;Sacrificial Lodge Opinion;;;;;;;;;;;;;x,,,,,,,,,,,,,,,,,,,,,,,,,,,,,,,,,,,,,,,,,,,,,,,,,,,,,,
arboreal_reformed_gaian_opinion;Gaian Lodge Opinion;;;;;;;;;;;;;x,,,,,,,,,,,,,,,,,,,,,,,,,,,,,,,,,,,,,,,,,,,,,,,,,,,,,,
arboreal_reformed_architect_opinion;Architectural Lodge Opinion;;;;;;;;;;;;;x,,,,,,,,,,,,,,,,,,,,,,,,,,,,,,,,,,,,,,,,,,,,,,,,,,,,,,
arboreal_reformed_murican_opinion;Hero Lodge Opinion;;;;;;;;;;;;;x,,,,,,,,,,,,,,,,,,,,,,,,,,,,,,,,,,,,,,,,,,,,,,,,,,,,,,
arboreal_reformed_old_ones_opinion;Sacrificial Lodge Opinion;;;;;;;;;;;;;x,,,,,,,,,,,,,,,,,,,,,,,,,,,,,,,,,,,,,,,,,,,,,,,,,,,,,,
lobsterfolk_opinion;Lobsterfolk Opinion;;;;;;;;;;;;;x,,,,,,,,,,,,,,,,,,,,,,,,,,,,,,,,,,,,,,,,,,,,,,,,,,,,,,
kolorantoi_opinion;[kolorantoi.GetName] Opinion;;;;;;;;;;;;;x,,,,,,,,,,,,,,,,,,,,,,,,,,,,,,,,,,,,,,,,,,,,,,,,,,,,,,
westerosi_valyrian_opinion;[westerosi_valyrian.GetName] Opinion;;;;;;;;;;;;;x,,,,,,,,,,,,,,,,,,,,,,,,,,,,,,,,,,,,,,,,,,,,,,,,,,,,,,
florintoi_opinion;[florintoi.GetName] Opinion;;;;;;;;;;;;;x,,,,,,,,,,,,,,,,,,,,,,,,,,,,,,,,,,,,,,,,,,,,,,,,,,,,,,
intianoi_opinion;[intianoi.GetName] Opinion;;;;;;;;;;;;;x,,,,,,,,,,,,,,,,,,,,,,,,,,,,,,,,,,,,,,,,,,,,,,,,,,,,,,
gaian_opinion;Gaian Opinion;;;;;;;;;;;;;x,,,,,,,,,,,,,,,,,,,,,,,,,,,,,,,,,,,,,,,,,,,,,,,,,,,,,,
ny_asian_opinion;Dongren Opinion;;;;;;;;;;;;;x,,,,,,,,,,,,,,,,,,,,,,,,,,,,,,,,,,,,,,,,,,,,,,,,,,,,,,
celtic_pagan_opinion;Arboreal Opinion;;;;;;;;;;;;;x,,,,,,,,,,,,,,,,,,,,,,,,,,,,,,,,,,,,,,,,,,,,,,,,,,,,,,
celtic_pagan_reformed_opinion;Reformed Arboreal Opinion;;;;;;;;;;;;;x,,,,,,,,,,,,,,,,,,,,,,,,,,,,,,,,,,,,,,,,,,,,,,,,,,,,,,
mainline_opinion;Mainline Opinion;;;;;;;;;;;;;x,,,,,,,,,,,,,,,,,,,,,,,,,,,,,,,,,,,,,,,,,,,,,,,,,,,,,,
crawfisher_opinion;Crawfisher Opinion;;;;;;;;;;;;;x,,,,,,,,,,,,,,,,,,,,,,,,,,,,,,,,,,,,,,,,,,,,,,,,,,,,,,
antiquarianist_opinion;[antiquarianist.GetName] Opinion;;;;;;;;;;;;;x,,,,,,,,,,,,,,,,,,,,,,,,,,,,,,,,,,,,,,,,,,,,,,,,,,,,,,
antiquarianist_reformed_opinion;[antiquarianist_reformed.GetName] Opinion;;;;;;;;;;;;;x,,,,,,,,,,,,,,,,,,,,,,,,,,,,,,,,,,,,,,,,,,,,,,,,,,,,,,
loyalist_opinion;Loyalist Opinion;;;;;;;;;;;;;x,,,,,,,,,,,,,,,,,,,,,,,,,,,,,,,,,,,,,,,,,,,,,,,,,,,,,,
sedevacantist_opinion;Gallicanist Opinion;;;;;;;;;;;;;x,,,,,,,,,,,,,,,,,,,,,,,,,,,,,,,,,,,,,,,,,,,,,,,,,,,,,,
raelian_opinion;[raelian.GetName] Opinion;;;;;;;;;;;;;x,,,,,,,,,,,,,,,,,,,,,,,,,,,,,,,,,,,,,,,,,,,,,,,,,,,,,,
delver_opinion;[delver.GetName] Opinion;;;;;;;;;;;;;x,,,,,,,,,,,,,,,,,,,,,,,,,,,,,,,,,,,,,,,,,,,,,,,,,,,,,,
delver_reformed_opinion;[delver_reformed.GetName] Opinion;;;;;;;;;;;;;x,,,,,,,,,,,,,,,,,,,,,,,,,,,,,,,,,,,,,,,,,,,,,,,,,,,,,,
quaker_opinion;[quaker.GetName] Opinion;;;;;;;;;;;;;x,,,,,,,,,,,,,,,,,,,,,,,,,,,,,,,,,,,,,,,,,,,,,,,,,,,,,,
tquaker_opinion;[tquaker.GetName] Opinion;;;;;;;;;;;;;x,,,,,,,,,,,,,,,,,,,,,,,,,,,,,,,,,,,,,,,,,,,,,,,,,,,,,,
salihi_opinion;[salihi.GetName] Opinion;;;;;;;;;;;;;x,,,,,,,,,,,,,,,,,,,,,,,,,,,,,,,,,,,,,,,,,,,,,,,,,,,,,,
mahayana_opinion;[mahayana.GetName] Opinion;;;;;;;;;;;;;x,,,,,,,,,,,,,,,,,,,,,,,,,,,,,,,,,,,,,,,,,,,,,,,,,,,,,,
triumphant_opinion;[triumphant.GetName] Opinion;;;;;;;;;;;;;x,,,,,,,,,,,,,,,,,,,,,,,,,,,,,,,,,,,,,,,,,,,,,,,,,,,,,,
ojibwe_opinion;[ojibwe.GetGroupName] Opinion;;;;;;;;;;;;;x,,,,,,,,,,,,,,,,,,,,,,,,,,,,,,,,,,,,,,,,,,,,,,,,,,,,,,
peyotist_opinion;[peyotist.GetName] Opinion;;;;;;;;;;;;;x,,,,,,,,,,,,,,,,,,,,,,,,,,,,,,,,,,,,,,,,,,,,,,,,,,,,,,
dragon_group_opinion;[dragon_group.GetGroupName] Opinion;;;;;;;;;;;;;x,,,,,,,,,,,,,,,,,,,,,,,,,,,,,,,,,,,,,,,,,,,,,,,,,,,,,,
high_american_opinion;[high_american.GetGroupName] Opinion;;;;;;;;;;;;;x,,,,,,,,,,,,,,,,,,,,,,,,,,,,,,,,,,,,,,,,,,,,,,,,,,,,,,
low_american_opinion;[low_american.GetGroupName] Opinion;;;;;;;;;;;;;x,,,,,,,,,,,,,,,,,,,,,,,,,,,,,,,,,,,,,,,,,,,,,,,,,,,,,,
laurentine_anglo_opinion;[laurentine_anglo.GetGroupName] Opinion;;;;;;;;;;;;;x,,,,,,,,,,,,,,,,,,,,,,,,,,,,,,,,,,,,,,,,,,,,,,,,,,,,,,
franco_canadian_opinion;[franco_canadian.GetGroupName] Opinion;;;;;;;;;;;;;x,,,,,,,,,,,,,,,,,,,,,,,,,,,,,,,,,,,,,,,,,,,,,,,,,,,,,,
patron_isis_opinion;Isis Cult Opinion;;;;;;;;;;;;;x,,,,,,,,,,,,,,,,,,,,,,,,,,,,,,,,,,,,,,,,,,,,,,,,,,,,,,
patron_horus_opinion;Horus-Ra Cult Opinion;;;;;;;;;;;;;x,,,,,,,,,,,,,,,,,,,,,,,,,,,,,,,,,,,,,,,,,,,,,,,,,,,,,,
patron_linkon_opinion;Linkon Cult Opinion;;;;;;;;;;;;;x,,,,,,,,,,,,,,,,,,,,,,,,,,,,,,,,,,,,,,,,,,,,,,,,,,,,,,
patron_osiris_opinion;Osiris Cult Opinion;;;;;;;;;;;;;x,,,,,,,,,,,,,,,,,,,,,,,,,,,,,,,,,,,,,,,,,,,,,,,,,,,,,,
patron_thoth_opinion;Thoth Cult Opinion;;;;;;;;;;;;;x,,,,,,,,,,,,,,,,,,,,,,,,,,,,,,,,,,,,,,,,,,,,,,,,,,,,,,
patron_hathor_opinion;Hathor Cult Opinion;;;;;;;;;;;;;x,,,,,,,,,,,,,,,,,,,,,,,,,,,,,,,,,,,,,,,,,,,,,,,,,,,,,,
patron_sekhmet_opinion;Sekhmet Cult Opinion;;;;;;;;;;;;;x,,,,,,,,,,,,,,,,,,,,,,,,,,,,,,,,,,,,,,,,,,,,,,,,,,,,,,
patron_anubis_opinion;Anubis Cult Opinion;;;;;;;;;;;;;x,,,,,,,,,,,,,,,,,,,,,,,,,,,,,,,,,,,,,,,,,,,,,,,,,,,,,,
,,,,,,,,,,,,,,,,,,,,,,,,,,,,,,,,,,,,,,,,,,,,,,,,,,,,,,
EVTNAME_kemetic_300;Choosing a Patron God;;;;;;;;;x,,,,,,,,,,,,,,,,,,,,,,,,,,,,,,,,,,,,,,,,,,,,,,,,,,,,,,
EVTDESC_kemetic_300;Kemetics have many divine beings, which one will you choose as your Patron?;;;;;;;;;x,,,,,,,,,,,,,,,,,,,,,,,,,,,,,,,,,,,,,,,,,,,,,,,,,,,,,
EVTNAME_kemetic_301;Choosing a Patron God;;;;;;;;;x,,,,,,,,,,,,,,,,,,,,,,,,,,,,,,,,,,,,,,,,,,,,,,,,,,,,,,
EVTDESC_kemetic_301;Kemetics have many divine beings, which one will you choose as your Patron?;;;;;;;;;x,,,,,,,,,,,,,,,,,,,,,,,,,,,,,,,,,,,,,,,,,,,,,,,,,,,,,
EVTNAME_kemetic_303;Choosing a Patron God;;;;;;;;;x,,,,,,,,,,,,,,,,,,,,,,,,,,,,,,,,,,,,,,,,,,,,,,,,,,,,,,
EVTDESC_kemetic_303;Kemetics have many divine beings, which one will you choose as your Patron?;;;;;;;;;x,,,,,,,,,,,,,,,,,,,,,,,,,,,,,,,,,,,,,,,,,,,,,,,,,,,,,
EVTOPTA_kemetic_300;I will join the Cult of Osiris;;;;;;;;;x,,,,,,,,,,,,,,,,,,,,,,,,,,,,,,,,,,,,,,,,,,,,,,,,,,,,,,
EVTOPTB_kemetic_300;I will join the Cult of Isis;;;;;;;;;x,,,,,,,,,,,,,,,,,,,,,,,,,,,,,,,,,,,,,,,,,,,,,,,,,,,,,,
EVTOPTC_kemetic_300;I will join the Cult of Horus-Ra;;;;;;;;;x,,,,,,,,,,,,,,,,,,,,,,,,,,,,,,,,,,,,,,,,,,,,,,,,,,,,,,
EVTOPTD_kemetic_300;I will join the Cult of Linkon;;;;;;;;;x,,,,,,,,,,,,,,,,,,,,,,,,,,,,,,,,,,,,,,,,,,,,,,,,,,,,,,
EVTOPTE_kemetic_300;Perhaps there are other options.;;;;;;;;;x,,,,,,,,,,,,,,,,,,,,,,,,,,,,,,,,,,,,,,,,,,,,,,,,,,,,,,
EVTOPTA_kemetic_301;I will join the Cult of Thoth;;;;;;;;;x,,,,,,,,,,,,,,,,,,,,,,,,,,,,,,,,,,,,,,,,,,,,,,,,,,,,,,
EVTOPTB_kemetic_301;I will join the Cult of Hathor;;;;;;;;;x,,,,,,,,,,,,,,,,,,,,,,,,,,,,,,,,,,,,,,,,,,,,,,,,,,,,,,
EVTOPTC_kemetic_301;I will join the Cult of Sekhmet;;;;;;;;;x,,,,,,,,,,,,,,,,,,,,,,,,,,,,,,,,,,,,,,,,,,,,,,,,,,,,,,
EVTOPTD_kemetic_301;I will join the Cult of Anubis;;;;;;;;;x,,,,,,,,,,,,,,,,,,,,,,,,,,,,,,,,,,,,,,,,,,,,,,,,,,,,,,
EVTOPTE_kemetic_301;Perhaps there are other options.;;;;;;;;;x,,,,,,,,,,,,,,,,,,,,,,,,,,,,,,,,,,,,,,,,,,,,,,,,,,,,,,
EVTOPTF_kemetic_301;Perhaps those were better options?;;;;;;;;;x,,,,,,,,,,,,,,,,,,,,,,,,,,,,,,,,,,,,,,,,,,,,,,,,,,,,,,
choose_kemetic_cult;Choose a Kemetic Patron God;;;;;;;;;x,,,,,,,,,,,,,,,,,,,,,,,,,,,,,,,,,,,,,,,,,,,,,,,,,,,,,,
choose_kemetic_cult_desc;As a Kemetic I must choose one of the Divine Eigth to worship.;;;;;;;;;x,,,,,,,,,,,,,,,,,,,,,,,,,,,,,,,,,,,,,,,,,,,,,,,,,,,,,,
wonder_pyramid_memphis;Memphis Pyramid;;;;;;;;;x,,,,,,,,,,,,,,,,,,,,,,,,,,,,,,,,,,,,,,,,,,,,,,,,,,,,,,
wonder_pyramid_memphis_desc;This pyramid was built by order of Pharaoh Klemens, the founder of the first Mississippi Empire. Tradition has it that the Pharaoh had the pyramid built on top of the remains of an antediviludian pyramid that was too damaged to be restored.;;;;;;;;;x,,,,,,,,,,,,,,,,,,,,,,,,,,,,,,,,,,,,,,,,,,,,,,,,,,,,,
federal_way;Federal Way;;;;;;;;;x,,,,,,,,,,,,,,,,,,,,,,,,,,,,,,,,,,,,,,,,,,,,,,,,,,,,,,
ninety_five_south;Ninety Five South;;;;;;;;;x,,,,,,,,,,,,,,,,,,,,,,,,,,,,,,,,,,,,,,,,,,,,,,,,,,,,,,
CLOWNPRINCE;Clown Prince;;;;;;;;;x,,,,,,,,,,,,,,,,,,,,,,,,,,,,,,,,,,,,,,,,,,,,,,,,,,,,,,
CESAR;César;;;;;;;;;x,,,,,,,,,,,,,,,,,,,,,,,,,,,,,,,,,,,,,,,,,,,,,,,,,,,,,,
COMMISSAR;Commissar;;;;;;;;;x,,,,,,,,,,,,,,,,,,,,,,,,,,,,,,,,,,,,,,,,,,,,,,,,,,,,,,
COMMANDERINCHIEF;Commander-in-chief;;;;;;;;;x,,,,,,,,,,,,,,,,,,,,,,,,,,,,,,,,,,,,,,,,,,,,,,,,,,,,,,
BOSS;Boss;;;;;;;;;x,,,,,,,,,,,,,,,,,,,,,,,,,,,,,,,,,,,,,,,,,,,,,,,,,,,,,,
REVEREND-EMPEROR;Reverend-Emperor;;;;;;;;;x
REVEREND-EMPRESS;Reverend-Empress;;;;;;;;;x
,,,,,,,,,,,,,,,,,,,,,,,,,,,,,,,,,,,,,,,,,,,,,,,,,,,,,,
EVTNAME_delver_300;Choosing a Lodge;;;;;;;;;x,,,,,,,,,,,,,,,,,,,,,,,,,,,,,,,,,,,,,,,,,,,,,,,,,,,,,,
EVTDESC_delver_300;All Delvers are part of a Lodge, and now I must make a decision of which one I shall join.;;;;;;;;;x,,,,,,,,,,,,,,,,,,,,,,,,,,,,,,,,,,,,,,,,,,,,,,,,,,,,,
EVTOPTA_delver_300;I will join the Triadic Lodge;;;;;;;;;x,,,,,,,,,,,,,,,,,,,,,,,,,,,,,,,,,,,,,,,,,,,,,,,,,,,,,,
EVTOPTB_delver_300;I will join the Draconic Lodge;;;;;;;;;x,,,,,,,,,,,,,,,,,,,,,,,,,,,,,,,,,,,,,,,,,,,,,,,,,,,,,,
EVTOPTC_delver_300;I will join the Imperial Lodge;;;;;;;;;x,,,,,,,,,,,,,,,,,,,,,,,,,,,,,,,,,,,,,,,,,,,,,,,,,,,,,,
EVTOPTD_delver_300;I will join the Chaotic Lodge;;;;;;;;;x,,,,,,,,,,,,,,,,,,,,,,,,,,,,,,,,,,,,,,,,,,,,,,,,,,,,,,
choose_delver_cult;Choose a Delver Lodge;;;;;;;;;x,,,,,,,,,,,,,,,,,,,,,,,,,,,,,,,,,,,,,,,,,,,,,,,,,,,,,,
choose_delver_cult_desc;As a Delver I must choose one of the four main Lodges to join.;;;;;;;;;x,,,,,,,,,,,,,,,,,,,,,,,,,,,,,,,,,,,,,,,,,,,,,,,,,,,,,,
,,,,,,,,,,,,,,,,,,,,,,,,,,,,,,,,,,,,,,,,,,,,,,,,,,,,,,
ca_culture_lil_egyptian_1;Maryannu Knight Grounds;;;;;;;;;;;;;x,,,,,,,,,,,,,,,,,,,,,,,,,,,,,,,,,,,,,,,,,,,,,,,,,,,,,,
ca_culture_lil_egyptian_2;Maryannu Knight Grounds;;;;;;;;;;;;;x,,,,,,,,,,,,,,,,,,,,,,,,,,,,,,,,,,,,,,,,,,,,,,,,,,,,,,
ca_culture_lil_egyptian_3;Maryannu Knight Grounds;;;;;;;;;;;;;x,,,,,,,,,,,,,,,,,,,,,,,,,,,,,,,,,,,,,,,,,,,,,,,,,,,,,,
ca_culture_lil_egyptian_4;Maryannu Knight Grounds;;;;;;;;;;;;;x,,,,,,,,,,,,,,,,,,,,,,,,,,,,,,,,,,,,,,,,,,,,,,,,,,,,,,
ca_culture_lil_egyptian_1_desc;The Pride of Mississipian Nobility, these Charioteers represent the power and chivalry of the lands of Egypt. Established under the rule of Klemens I, they have long since changed and have adopted heavier armor from Cahokia while keeping their unique Kemetic style.;;;;;;;;;;;;;x,,,,,,,,,,,,,,,,,,,,,,,,,,,,,,,,,,,,,,,,,,,,,,,,,,,,
,,,,,,,,,,,,,,,,,,,,,,,,,,,,,,,,,,,,,,,,,,,,,,,,,,,,,,
ca_culture_watcher_1;Watchman Barracks;;;;;;;;;;;;;x,,,,,,,,,,,,,,,,,,,,,,,,,,,,,,,,,,,,,,,,,,,,,,,,,,,,,,
ca_culture_watcher_2;Watchman Barracks;;;;;;;;;;;;;x,,,,,,,,,,,,,,,,,,,,,,,,,,,,,,,,,,,,,,,,,,,,,,,,,,,,,,
ca_culture_watcher_3;Watchman Barracks;;;;;;;;;;;;;x,,,,,,,,,,,,,,,,,,,,,,,,,,,,,,,,,,,,,,,,,,,,,,,,,,,,,,
ca_culture_watcher_4;Watchman Barracks;;;;;;;;;;;;;x,,,,,,,,,,,,,,,,,,,,,,,,,,,,,,,,,,,,,,,,,,,,,,,,,,,,,,
ca_culture_watcher_1_desc;The Watchers's main force live in these buildings, ready for battle at a minute's notice. The Watchman pledge their whole lives to defend and fight for christiandom and thus are counted as the Order's most elite troops on the battlefield regardless of their rank within the Order. With some higher ranking and skilled members fighting on the field as Heavy Cavalry.;;;;;;;;;;;;;x,,,,,,,,,,,,,,,,,,,,,,,,,,,,,,,,,,,,,,,,,,,,,,,,,,,,,
,,,,,,,,,,,,,,,,,,,,,,,,,,,,,,,,,,,,,,,,,,,,,,,,,,,,,,
ca_culture_mis_auxilia_1;Mississipian Auxiliary Camp;;;;;;;;;;;;;x,,,,,,,,,,,,,,,,,,,,,,,,,,,,,,,,,,,,,,,,,,,,,,,,,,,,,,
ca_culture_mis_auxilia_2;Mississipian Auxiliary Camp;;;;;;;;;;;;;x,,,,,,,,,,,,,,,,,,,,,,,,,,,,,,,,,,,,,,,,,,,,,,,,,,,,,,
ca_culture_mis_auxilia_3;Mississipian Auxiliary Camp;;;;;;;;;;;;;x,,,,,,,,,,,,,,,,,,,,,,,,,,,,,,,,,,,,,,,,,,,,,,,,,,,,,,
ca_culture_mis_auxilia_4;Mississipian Auxiliary Camp;;;;;;;;;;;;;x,,,,,,,,,,,,,,,,,,,,,,,,,,,,,,,,,,,,,,,,,,,,,,,,,,,,,,
ca_culture_mis_auxilia_1_desc;Coming from the border regions of the Upper Mississippi or smaller groups within it, these men form the first response to any attack on its borders.;;;;;;;;;;;;;x,,,,,,,,,,,,,,,,,,,,,,,,,,,,,,,,,,,,,,,,,,,,,,,,,,,,,
,,,,,,,,,,,,,,,,,,,,,,,,,,,,,,,,,,,,,,,,,,,,,,,,,,,,,,
ca_culture_pennsilfaanisch_1;Grenzsoldaat Barracks;;;;;;;;;;;;;x,,,,,,,,,,,,,,,,,,,,,,,,,,,,,,,,,,,,,,,,,,,,,,,,,,,,,,
ca_culture_pennsilfaanisch_2;Grenzsoldaat Barracks;;;;;;;;;;;;;x,,,,,,,,,,,,,,,,,,,,,,,,,,,,,,,,,,,,,,,,,,,,,,,,,,,,,,
ca_culture_pennsilfaanisch_3;Grenzsoldaat Barracks;;;;;;;;;;;;;x,,,,,,,,,,,,,,,,,,,,,,,,,,,,,,,,,,,,,,,,,,,,,,,,,,,,,,
ca_culture_pennsilfaanisch_4;Grenzsoldaat Barracks;;;;;;;;;;;;;x,,,,,,,,,,,,,,,,,,,,,,,,,,,,,,,,,,,,,,,,,,,,,,,,,,,,,,
ca_culture_pennsilfaanisch_1_desc;These barracks house the Grenzsoldaaten, protectors of the east coast german communities. These men come from those who wish to protect their homeland and families from the ever changing times the Old Order's believers are facing, giving up their way of life so others may continue to practice it in peace from foreign invaders.;;;;;;;;;;;;;x,,,,,,,,,,,,,,,,,,,,,,,,,,,,,,,,,,,,,,,,,,,,,,,,,,,,
,,,,,,,,,,,,,,,,,,,,,,,,,,,,,,,,,,,,,,,,,,,,,,,,,,,,,,
ca_culture_azure_1;Companion Camp;;;;;;;;;;;;;x,,,,,,,,,,,,,,,,,,,,,,,,,,,,,,,,,,,,,,,,,,,,,,,,,,,,,,
ca_culture_azure_1;Companion Camp;;;;;;;;;;;;;x,,,,,,,,,,,,,,,,,,,,,,,,,,,,,,,,,,,,,,,,,,,,,,,,,,,,,,
ca_culture_azure_1;Companion Camp;;;;;;;;;;;;;x,,,,,,,,,,,,,,,,,,,,,,,,,,,,,,,,,,,,,,,,,,,,,,,,,,,,,,
ca_culture_azure_1;Companion Camp;;;;;;;;;;;;;x,,,,,,,,,,,,,,,,,,,,,,,,,,,,,,,,,,,,,,,,,,,,,,,,,,,,,,
ca_culture_azure_1_desc;The Companions are the elite of the Mississipian Armies, these trained Swordsman and Zouaves come from the core regions of the Mississippi and excel in urban combat. Originally the soldiers under the commmand of at the time Prince Basil I, they have been expended in role during his later conquests as Azure Emperor. They have since been divided into many smaller companies of Men-At-Arms, whos loyalty may be closer to that of their local ruler then the Azure Throne.;;;;;;;;;;;;;x,,,,,,,,,,,,,,,,,,,,,,,,,,,,,,,,,,,,,,,,,,,,,,,,,,,
,,,,,,,,,,,,,,,,,,,,,,,,,,,,,,,,,,,,,,,,,,,,,,,,,,,,,,
ca_culture_federalist_1;Columbian Minutemen;;;;;;;;;;;;;x,,,,,,,,,,,,,,,,,,,,,,,,,,,,,,,,,,,,,,,,,,,,,,,,,,,,,,
ca_culture_federalist_2;Columbian Minutemen;;;;;;;;;;;;;x,,,,,,,,,,,,,,,,,,,,,,,,,,,,,,,,,,,,,,,,,,,,,,,,,,,,,,
ca_culture_federalist_3;Columbian Minutemen;;;;;;;;;;;;;x,,,,,,,,,,,,,,,,,,,,,,,,,,,,,,,,,,,,,,,,,,,,,,,,,,,,,,
ca_culture_federalist_4;Columbian Minutemen;;;;;;;;;;;;;x,,,,,,,,,,,,,,,,,,,,,,,,,,,,,,,,,,,,,,,,,,,,,,,,,,,,,,
ca_culture_federalist_1_desc;The Columbian Minutemen while not part of the Military or National Guard are an important irregular force, being skilled in outmaneuvering any foe while unleashing volleys of musket fire.;;;;;;;;;;;;;x,,,,,,,,,,,,,,,,,,,,,,,,,,,,,,,,,,,,,,,,,,,,,,,,,,,,,
,,,,,,,,,,,,,,,,,,,,,,,,,,,,,,,,,,,,,,,,,,,,,,,,,,,,,,
ca_culture_dominion_1;Royal Mounties;;;;;;;;;;;;;x,,,,,,,,,,,,,,,,,,,,,,,,,,,,,,,,,,,,,,,,,,,,,,,,,,,,,,
ca_culture_dominion_2;Royal Mounties;;;;;;;;;;;;;x,,,,,,,,,,,,,,,,,,,,,,,,,,,,,,,,,,,,,,,,,,,,,,,,,,,,,,
ca_culture_dominion_3;Royal Mounties;;;;;;;;;;;;;x,,,,,,,,,,,,,,,,,,,,,,,,,,,,,,,,,,,,,,,,,,,,,,,,,,,,,,
ca_culture_dominion_4;Royal Mounties;;;;;;;;;;;;;x,,,,,,,,,,,,,,,,,,,,,,,,,,,,,,,,,,,,,,,,,,,,,,,,,,,,,,
ca_culture_dominion_1_desc;The Royal Mounties are men of the saddle and sword, being expert skirmishers and heavy cavalry. They uphold their ancient duty to protect the lands of Canada be enforcing law or fighting on the battlefield.;;;;;;;;;;;;;x,,,,,,,,,,,,,,,,,,,,,,,,,,,,,,,,,,,,,,,,,,,,,,,,,,
,,,,,,,,,,,,,,,,,,,,,,,,,,,,,,,,,,,,,,,,,,,,,,,,,,,,,,
ca_culture_southron_1;Southron Cavalrymen;;;;;;;;;;;;;x,,,,,,,,,,,,,,,,,,,,,,,,,,,,,,,,,,,,,,,,,,,,,,,,,,,,,,
ca_culture_southron_2;Southron Cavalrymen;;;;;;;;;;;;;x,,,,,,,,,,,,,,,,,,,,,,,,,,,,,,,,,,,,,,,,,,,,,,,,,,,,,,
ca_culture_southron_3;Southron Cavalrymen;;;;;;;;;;;;;x,,,,,,,,,,,,,,,,,,,,,,,,,,,,,,,,,,,,,,,,,,,,,,,,,,,,,,
ca_culture_southron_4;Southron Cavalrymen;;;;;;;;;;;;;x,,,,,,,,,,,,,,,,,,,,,,,,,,,,,,,,,,,,,,,,,,,,,,,,,,,,,,
ca_culture_southron_1_desc;Southron Cavalrymen make use of their light cavalry in massive charges while harassing their foes with their gunpowder wielding units.;;;;;;;;;;;;;x,,,,,,,,,,,,,,,,,,,,,,,,,,,,,,,,,,,,,,,,,,,,,,,,,,,,,,
,,,,,,,,,,,,,,,,,,,,,,,,,,,,,,,,,,,,,,,,,,,,,,,,,,,,,,
ca_culture_connec_1;Nutmegger Foot Guards;;;;;;;;;;;;;x,,,,,,,,,,,,,,,,,,,,,,,,,,,,,,,,,,,,,,,,,,,,,,,,,,,,,,
ca_culture_connec_1;Nutmegger Foot Guards;;;;;;;;;;;;;x,,,,,,,,,,,,,,,,,,,,,,,,,,,,,,,,,,,,,,,,,,,,,,,,,,,,,,
ca_culture_connec_1;Nutmegger Foot Guards;;;;;;;;;;;;;x,,,,,,,,,,,,,,,,,,,,,,,,,,,,,,,,,,,,,,,,,,,,,,,,,,,,,,
ca_culture_connec_1;Nutmegger Foot Guards;;;;;;;;;;;;;x,,,,,,,,,,,,,,,,,,,,,,,,,,,,,,,,,,,,,,,,,,,,,,,,,,,,,,
ca_culture_connec_1_desc;The Foot Guards of Connecticut are the successors of the Governor's Guards serving as Mercenaries or local Lords and Merchants alike known by their Scarlet Coats and Shakos. They fight in pike formations with handgunner support.;;;;;;;;;;;;;x,,,,,,,,,,,,,,,,,,,,,,,,,,,,,,,,,,,,,,,,,,,,,,,,,,,,,,
,,,,,,,,,,,,,,,,,,,,,,,,,,,,,,,,,,,,,,,,,,,,,,,,,,,,,,
ca_culture_boston_1;National Lancers;;;;;;;;;;;;;x,,,,,,,,,,,,,,,,,,,,,,,,,,,,,,,,,,,,,,,,,,,,,,,,,,,,,,
ca_culture_boston_2;National Lancers;;;;;;;;;;;;;x,,,,,,,,,,,,,,,,,,,,,,,,,,,,,,,,,,,,,,,,,,,,,,,,,,,,,,
ca_culture_boston_3;National Lancers;;;;;;;;;;;;;x,,,,,,,,,,,,,,,,,,,,,,,,,,,,,,,,,,,,,,,,,,,,,,,,,,,,,,
ca_culture_boston_4;National Lancers;;;;;;;;;;;;;x,,,,,,,,,,,,,,,,,,,,,,,,,,,,,,,,,,,,,,,,,,,,,,,,,,,,,,
ca_culture_boston_1_desc;Massachusetts is home to the National Lancers, created as a cavalry militia ages ago which has fought in wars across the world. Their presence on the battlefield often gives morale to people of Massachusetts with their famed charges.;;;;;;;;;;;;;x,,,,,,,,,,,,,,,,,,,,,,,,,,,,,,,,,,,,,,,,,,,,,,,,,,,,,,
,,,,,,,,,,,,,,,,,,,,,,,,,,,,,,,,,,,,,,,,,,,,,,,,,,,,,,
ca_culture_zouave_lui_1;Louisiana Tigers;;;;;;;;;;;;;x,,,,,,,,,,,,,,,,,,,,,,,,,,,,,,,,,,,,,,,,,,,,,,,,,,,,,,
ca_culture_zouave_lui_2;Louisiana Tigers;;;;;;;;;;;;;x,,,,,,,,,,,,,,,,,,,,,,,,,,,,,,,,,,,,,,,,,,,,,,,,,,,,,,
ca_culture_zouave_lui_3;Louisiana Tigers;;;;;;;;;;;;;x,,,,,,,,,,,,,,,,,,,,,,,,,,,,,,,,,,,,,,,,,,,,,,,,,,,,,,
ca_culture_zouave_lui_4;Louisiana Tigers;;;;;;;;;;;;;x,,,,,,,,,,,,,,,,,,,,,,,,,,,,,,,,,,,,,,,,,,,,,,,,,,,,,,
ca_culture_zouave_lui_1_desc;Louisiana Tigers are similar to the Zouaves of the Mississipian Empire, yet are said to have existed ages before the Empire came to be. They fight with guerrilla tactics against their opponents, with few even having access to texan firearms.;;;;;;;;;;;;;x,,,,,,,,,,,,,,,,,,,,,,,,,,,,,,,,,,,,,,,,,,,,,,,,,,,,,,
,,,,,,,,,,,,,,,,,,,,,,,,,,,,,,,,,,,,,,,,,,,,,,,,,,,,,,
ca_culture_zouave_missi_1;Chicago Zouaves;;;;;;;;;;;;;x,,,,,,,,,,,,,,,,,,,,,,,,,,,,,,,,,,,,,,,,,,,,,,,,,,,,,,
ca_culture_zouave_missi_2;Chicago Zouaves;;;;;;;;;;;;;x,,,,,,,,,,,,,,,,,,,,,,,,,,,,,,,,,,,,,,,,,,,,,,,,,,,,,,
ca_culture_zouave_missi_3;Chicago Zouaves;;;;;;;;;;;;;x,,,,,,,,,,,,,,,,,,,,,,,,,,,,,,,,,,,,,,,,,,,,,,,,,,,,,,
ca_culture_zouave_missi_1;Chicago Zouaves;;;;;;;;;;;;;x,,,,,,,,,,,,,,,,,,,,,,,,,,,,,,,,,,,,,,,,,,,,,,,,,,,,,,
ca_culture_zouave_missi_1_desc;The Zouaves of Chicago are an unique sight in the Northern Mississippi, wearing red felt hats and chasseur trousers. Their renown comes from their combat prowess, fast movement, and exceptional marksmanship. This has lead to Zouaves becoming widespread trough out the Mississippi.;;;;;;;;;;;;;x,,,,,,,,,,,,,,,,,,,,,,,,,,,,,,,,,,,,,,,,,,,,,,,,,,,,,,
,,,,,,,,,,,,,,,,,,,,,,,,,,,,,,,,,,,,,,,,,,,,,,,,,,,,,,
ca_culture_gaoshan_1;Gaoshan Crossbow Range;;;;;;;;;;;;;x,,,,,,,,,,,,,,,,,,,,,,,,,,,,,,,,,,,,,,,,,,,,,,,,,,,,,,
ca_culture_gaoshan_2;Gaoshan Crossbow Range;;;;;;;;;;;;;x,,,,,,,,,,,,,,,,,,,,,,,,,,,,,,,,,,,,,,,,,,,,,,,,,,,,,,
ca_culture_gaoshan_3;Gaoshan Crossbow Range;;;;;;;;;;;;;x,,,,,,,,,,,,,,,,,,,,,,,,,,,,,,,,,,,,,,,,,,,,,,,,,,,,,,
ca_culture_gaoshan_4;Gaoshan Crossbow Range;;;;;;;;;;;;;x,,,,,,,,,,,,,,,,,,,,,,,,,,,,,,,,,,,,,,,,,,,,,,,,,,,,,,
ca_culture_gaoshan_1_desc;The Crossbowmen of Gaoshan are one of the best skirmishers the East Coast has to offer, having exceptional training from an early age and knowledge of their homeland.;;;;;;;;;;;;;x,,,,,,,,,,,,,,,,,,,,,,,,,,,,,,,,,,,,,,,,,,,,,,,,,,,,,
,,,,,,,,,,,,,,,,,,,,,,,,,,,,,,,,,,,,,,,,,,,,,,,,,,,,,,
ca_culture_group_north_germanic_1_desc;Lake Superior is home to the Hockey Axemen, cladding themselves heavy armor and wielding unique axes which are told to have been used for generations in combat and sports.;;;;;;;;;x
ca_culture_group_north_germanic_1;Hockey Axemen Barracks;;;;;;;;;;;;;x,,,,,,,,,,,,,,,,,,,,,,,,,,,,,,,,,,,,,,,,,,,,,,,,,,,,,,
ca_culture_group_north_germanic_2;Hockey Axemen Barracks;;;;;;;;;;;;;x,,,,,,,,,,,,,,,,,,,,,,,,,,,,,,,,,,,,,,,,,,,,,,,,,,,,,,
ca_culture_group_north_germanic_3;Hockey Axemen Barracks;;;;;;;;;;;;;x,,,,,,,,,,,,,,,,,,,,,,,,,,,,,,,,,,,,,,,,,,,,,,,,,,,,,,
ca_culture_group_north_germanic_4;Hockey Axemen Barracks;;;;;;;;;;;;;x,,,,,,,,,,,,,,,,,,,,,,,,,,,,,,,,,,,,,,,,,,,,,,,,,,,,,,
tb_culture_group_north_germanic_1;Hockey Axemen Camp;;;;;;;;;;;;;x,,,,,,,,,,,,,,,,,,,,,,,,,,,,,,,,,,,,,,,,,,,,,,,,,,,,,,
tb_culture_group_north_germanic_2;Hockey Axemen Camp;;;;;;;;;;;;;x,,,,,,,,,,,,,,,,,,,,,,,,,,,,,,,,,,,,,,,,,,,,,,,,,,,,,,
tb_culture_group_north_germanic_3;Hockey Axemen Camp;;;;;;;;;;;;;x,,,,,,,,,,,,,,,,,,,,,,,,,,,,,,,,,,,,,,,,,,,,,,,,,,,,,,
tb_culture_group_north_germanic_4;Hockey Axemen Camp;;;;;;;;;;;;;x,,,,,,,,,,,,,,,,,,,,,,,,,,,,,,,,,,,,,,,,,,,,,,,,,,,,,,
,,,,,,,,,,,,,,,,,,,,,,,,,,,,,,,,,,,,,,,,,,,,,,,,,,,,,,
ca_culture_usa_camel_1;Southwestern Camelry;;;;;;;;;;;;;x,,,,,,,,,,,,,,,,,,,,,,,,,,,,,,,,,,,,,,,,,,,,,,,,,,,,,,
ca_culture_usa_camel_2;Southwestern Camelry;;;;;;;;;;;;;x,,,,,,,,,,,,,,,,,,,,,,,,,,,,,,,,,,,,,,,,,,,,,,,,,,,,,,
ca_culture_usa_camel_2;Southwestern Camelry;;;;;;;;;;;;;x,,,,,,,,,,,,,,,,,,,,,,,,,,,,,,,,,,,,,,,,,,,,,,,,,,,,,,
ca_culture_usa_camel_4;Southwestern Camelry;;;;;;;;;;;;;x,,,,,,,,,,,,,,,,,,,,,,,,,,,,,,,,,,,,,,,,,,,,,,,,,,,,,,
tb_culture_usa_camel_1;Southwestern Camelry;;;;;;;;;;;;;x,,,,,,,,,,,,,,,,,,,,,,,,,,,,,,,,,,,,,,,,,,,,,,,,,,,,,,
tb_culture_usa_camel_2;Southwestern Camelry;;;;;;;;;;;;;x,,,,,,,,,,,,,,,,,,,,,,,,,,,,,,,,,,,,,,,,,,,,,,,,,,,,,,
tb_culture_usa_camel_3;Southwestern Camelry;;;;;;;;;;;;;x,,,,,,,,,,,,,,,,,,,,,,,,,,,,,,,,,,,,,,,,,,,,,,,,,,,,,,
tb_culture_usa_camel_4;Southwestern Camelry;;;;;;;;;;;;;x,,,,,,,,,,,,,,,,,,,,,,,,,,,,,,,,,,,,,,,,,,,,,,,,,,,,,,
ca_culture_usa_camel_1_desc;Camelry is an unique phenomenon among the people of the Southwest, with tales told of a far away land called "Africa" where their ancestors brought them from. Camels have become the most widely used mounts in these regions thanks to their adaption to the climate and large population thanks to wild populations and breeding.;;;;;;;;;;;;;x,,,,,,,,,,,,,,,,,,,,,,,,,,,,,,,,,,,,,,,,,,,,,,,,,,,,,
,,,,,,,,,,,,,,,,,,,,,,,,,,,,,,,,,,,,,,,,,,,,,,,,,,,,,,
ca_culture_east_texas_1;Texan Gunslingers;;;;;;;;;;;;;x,,,,,,,,,,,,,,,,,,,,,,,,,,,,,,,,,,,,,,,,,,,,,,,,,,,,,,
ca_culture_east_texas_2;Texan Gunslingers;;;;;;;;;;;;;x,,,,,,,,,,,,,,,,,,,,,,,,,,,,,,,,,,,,,,,,,,,,,,,,,,,,,,
ca_culture_east_texas_3;Texan Gunslingers;;;;;;;;;;;;;x,,,,,,,,,,,,,,,,,,,,,,,,,,,,,,,,,,,,,,,,,,,,,,,,,,,,,,
ca_culture_east_texas_4;Texan Gunslingers;;;;;;;;;;;;;x,,,,,,,,,,,,,,,,,,,,,,,,,,,,,,,,,,,,,,,,,,,,,,,,,,,,,,
ca_culture_east_texas_1_desc;Texan Gunslingers are one of the few men left who continue the use of gunpowder. Their use of roughly made firearms has made them legendary among tribals, nomads and settled peoples alike in the lands of the Old West.;;;;;;;;;;;;;x,,,,,,,,,,,,,,,,,,,,,,,,,,,,,,,,,,,,,,,,,,,,,,,,,,,,,,
,,,,,,,,,,,,,,,,,,,,,,,,,,,,,,,,,,,,,,,,,,,,,,,,,,,,,,
tb_culture_newfie_1;Newfie Archer Shacks;;;;;;;;;;;;x
tb_culture_newfie_2;Newfie Archer Shacks;;;;;;;;;;;;x
tb_culture_newfie_3;Newfie Archer Shacks;;;;;;;;;;;;x
tb_culture_newfie_4;Newfie Archer Shacks;;;;;;;;;;;;x
tb_culture_newfie_1_desc;These shacks house archers hardened by The Rock. Their long-standing tradition of using the longbow gives them an edge on the skill of archery.;;;;;;;;;;;;x
ca_culture_newfie_1;Newfie Archer Range;;;;;;;;;;;;x
ca_culture_newfie_2;Newfie Archer Range;;;;;;;;;;;;x
ca_culture_newfie_3;Newfie Archer Range;;;;;;;;;;;;x
ca_culture_newfie_4;Newfie Archer Range;;;;;;;;;;;;x
ca_culture_newfie_1_desc;These ranges house archers hardened by The Rock. Their long-standing tradition of using the longbow gives them an edge on the skill of archery.;;;;;;;;;;;;x
,,,,,,,,,,,,,,,,,,,,,,,,,,,,,,,,,,,,,,,,,,,,,,,,,,,,,,
ca_culture_mikmaq_1;Mi'kmaq Spearmen Barracks;;;;;;;;;;;;x
ca_culture_mikmaq_2;Mi'kmaq Spearmen Barracks;;;;;;;;;;;;x
ca_culture_mikmaq_3;Mi'kmaq Spearmen Barracks;;;;;;;;;;;;x
ca_culture_mikmaq_4;Mi'kmaq Spearmen Barracks;;;;;;;;;;;;x
ca_culture_mikmaq_1_desc;These barracks house the proud spearmen of the Mi'kmaq. They use their nets from their peacetime fishing to catch the enemy's foot, then pull the net towards them for an easy kill.;;;;;;;;;;;;x
tb_culture_mikmaq_1;Mi'kmaq Spearmen Tents;;;;;;;;;;;;x
tb_culture_mikmaq_2;Mi'kmaq Spearmen Tents;;;;;;;;;;;;x
tb_culture_mikmaq_3;Mi'kmaq Spearmen Tents;;;;;;;;;;;;x
tb_culture_mikmaq_4;Mi'kmaq Spearmen Tents;;;;;;;;;;;;x
tb_culture_mikmaq_1_desc;These tents house the proud spearmen of the Mi'kmaq. They use their nets from their peacetime fishing to catch the enemy's foot, then pull the net towards them for an easy kill.;;;;;;;;;;;;x
,,,,,,,,,,,,,,,,,,,,,,,,,,,,,,,,,,,,,,,,,,,,,,,,,,,,,,
tb_culture_penobscot_1;Panawahpskewi Archer Grounds;;;;;;;;;;;;x
tb_culture_penobscot_2;Panawahpskewi Archer Grounds;;;;;;;;;;;;x
tb_culture_penobscot_3;Panawahpskewi Archer Grounds;;;;;;;;;;;;x
tb_culture_penobscot_4;Panawahpskewi Archer Grounds;;;;;;;;;;;;x
tb_culture_penobscot_1_desc;These grounds house archers hailing from the Panawahspkewi. Using their unique bows, they hail death down their enemies.;;;;;;;;;;;;x
ca_culture_penobscot_1;Panawahpskewi Archer Range;;;;;;;;;;;;x
ca_culture_penobscot_2;Panawahpskewi Archer Range;;;;;;;;;;;;x
ca_culture_penobscot_3;Panawahpskewi Archer Range;;;;;;;;;;;;x
ca_culture_penobscot_4;Panawahpskewi Archer Range;;;;;;;;;;;;x
ca_culture_penobscot_1_desc;These ranges house archers hailing from the Panawahspkewi. Using their unique bows, they hail death down their enemies.;;;;;;;;;;;;x
,,,,,,,,,,,,,,,,,,,,,,,,,,,,,,,,,,,,,,,,,,,,,,,,,,,,,,
tb_culture_upper_quebecois_1;Upper Quebecois Luge Smithy;;;;;;;;;;;;x
tb_culture_upper_quebecois_2;Upper Quebecois Luge Smithy;;;;;;;;;;;;x
tb_culture_upper_quebecois_3;Upper Quebecois Luge Smithy;;;;;;;;;;;;x
tb_culture_upper_quebecois_4;Upper Quebecois Luge Smithy;;;;;;;;;;;;x
tb_culture_upper_quebecois_1_desc;These smithies create the sleds that make up the Luge. Using their tamed canines to push their sleds, they shock their enemies with their prowress.;;;;;;;;;;;;x
ca_culture_upper_quebecois_1;Upper Quebecois Luge Workshops;;;;;;;;;;;;x
ca_culture_upper_quebecois_2;Upper Quebecois Luge Workshops;;;;;;;;;;;;x
ca_culture_upper_quebecois_3;Upper Quebecois Luge Workshops;;;;;;;;;;;;x
ca_culture_upper_quebecois_4;Upper Quebecois Luge Workshops;;;;;;;;;;;;x
ca_culture_upper_quebecois_1_desc;These workshops create the sleds that make up the Luge. Using their tamed canines to push their sleds, they shock their enemies with their prowress.;;;;;;;;;;;;x
,,,,,,,,,,,,,,,,,,,,,,,,,,,,,,,,,,,,,,,,,,,,,,,,,,,,,,
tb_culture_lower_quebecois_1;Lower Quebecois Luge Smithy;;;;;;;;;;;;x
tb_culture_lower_quebecois_2;Lower Quebecois Luge Smithy;;;;;;;;;;;;x
tb_culture_lower_quebecois_3;Lower Quebecois Luge Smithy;;;;;;;;;;;;x
tb_culture_lower_quebecois_4;Lower Quebecois Luge Smithy;;;;;;;;;;;;x
tb_culture_lower_quebecois_1_desc;These smithies create the sleds that make up the Luge. Using their tamed canines to push their sleds, they overrun their enemies with their speed.;;;;;;;;;;;;x
ca_culture_lower_quebecois_1;Lower Quebecois Luge Workshops;;;;;;;;;;;;x
ca_culture_lower_quebecois_2;Lower Quebecois Luge Workshops;;;;;;;;;;;;x
ca_culture_lower_quebecois_3;Lower Quebecois Luge Workshops;;;;;;;;;;;;x
ca_culture_lower_quebecois_4;Lower Quebecois Luge Workshops;;;;;;;;;;;;x
ca_culture_lower_quebecois_1_desc;These workshops create the sleds that make up the Luge. Using their tamed canines to push their sleds, they overrun their enemies with their speed.;;;;;;;;;;;;x
,,,,,,,,,,,,,,,,,,,,,,,,,,,,,,,,,,,,,,,,,,,,,,,,,,,,,,
ny_turkish_minority;Türk Minority;;;;;;;;;;x,,,,,,,,,,,,,,,,,,,,,,,,,,,,,,,,,,,,,,,,,,,,,,,,,,,,,,
invite_local_turk;Invite local Türk Man;;;;;;;;;;x,,,,,,,,,,,,,,,,,,,,,,,,,,,,,,,,,,,,,,,,,,,,,,,,,,,,,,
invite_local_turk_woman;Invite local Türk woman;;;;;;;;;;x,,,,,,,,,,,,,,,,,,,,,,,,,,,,,,,,,,,,,,,,,,,,,,,,,,,,,,
invite_local_turk_desc;Invite a Türk man from your local Türk community.;;;;;;;;;;x,,,,,,,,,,,,,,,,,,,,,,,,,,,,,,,,,,,,,,,,,,,,,,,,,,,,,,
invite_local_turk_woman_desc;Invite a Türk woman from your local Türk community.;;;;;;;;;;x,,,,,,,,,,,,,,,,,,,,,,,,,,,,,,,,,,,,,,,,,,,,,,,,,,,,,,
EVTDESC_WA_14;A community of Türks have established themselves in one of your provinces, will you allow them to stay?;;;;;;;;;;;;;x ,,,,,,,,,,,,,,,,,,,,,,,,,,,,,,,,,,,,,,,,,,,,,,,,,,,,,
EVTOPTAWA14;They may stay.;;;;;;;;;;;;;x,,,,,,,,,,,,,,,,,,,,,,,,,,,,,,,,,,,,,,,,,,,,,,,,,,,,,,
EVTOPTBWA14;Drive them out and seize their goods!;;;;;;;;;;;;;x,,,,,,,,,,,,,,,,,,,,,,,,,,,,,,,,,,,,,,,,,,,,,,,,,,,,,,
EVTDESC_WA_15;As the population of the province has become majority Türk, the minority community has integrated into the wider population;;;;;;;;;;;;;x,,,,,,,,,,,,,,,,,,,,,,,,,,,,,,,,,,,,,,,,,,,,,,,,,,,,,
EVTOPTAWA15;Okay.;;;;;;;;;;;;;x,,,,,,,,,,,,,,,,,,,,,,,,,,,,,,,,,,,,,,,,,,,,,,,,,,,,,,
EVTDESC_WA_16;The minority Türk population of your province has moved elsewhere, they may some day ask to return.;;;;;;;;;;;;;x,,,,,,,,,,,,,,,,,,,,,,,,,,,,,,,,,,,,,,,,,,,,,,,,,,,,,
EVTOPTAWA16;Okay.;;;;;;;;;;;;;x,,,,,,,,,,,,,,,,,,,,,,,,,,,,,,,,,,,,,,,,,,,,,,,,,,,,,,
custom_turk_wandering;Türk Migration Region.;;;;;;;;;;;;;x,,,,,,,,,,,,,,,,,,,,,,,,,,,,,,,,,,,,,,,,,,,,,,,,,,,,,,
west_great_lakes_route;West Great Lakes Route;;;;;;;;;x,,,,,,,,,,,,,,,,,,,,,,,,,,,,,,,,,,,,,,,,,,,,,,,,,,,,,,
trans_atlantic_crossing;Trans Atlantic Crossing;;;;;;;;;x,,,,,,,,,,,,,,,,,,,,,,,,,,,,,,,,,,,,,,,,,,,,,,,,,,,,,,
caribbean_route;Caribbean Route;;;;;;;;;x,,,,,,,,,,,,,,,,,,,,,,,,,,,,,,,,,,,,,,,,,,,,,,,,,,,,,,
east_great_lakes_route;East Great Lakes Route;;;;;;;;;x,,,,,,,,,,,,,,,,,,,,,,,,,,,,,,,,,,,,,,,,,,,,,,,,,,,,,,
lower_mississippi_way;Lower Mississippi Way;;;;;;;;;x,,,,,,,,,,,,,,,,,,,,,,,,,,,,,,,,,,,,,,,,,,,,,,,,,,,,,,
upper_mississippi_way;Upper Mississippi Way;;;;;;;;;x,,,,,,,,,,,,,,,,,,,,,,,,,,,,,,,,,,,,,,,,,,,,,,,,,,,,,,
route_10_east;Route 10 East;;;;;;;;;x,,,,,,,,,,,,,,,,,,,,,,,,,,,,,,,,,,,,,,,,,,,,,,,,,,,,,,
route_10_west;Route 10 West;;;;;;;;;x,,,,,,,,,,,,,,,,,,,,,,,,,,,,,,,,,,,,,,,,,,,,,,,,,,,,,,
ninety_five_north;Ninety Five North;;;;;;;;;x,,,,,,,,,,,,,,,,,,,,,,,,,,,,,,,,,,,,,,,,,,,,,,,,,,,,,,
midwestern_waterway;Midwestern Waterway;;;;;;;;;x,,,,,,,,,,,,,,,,,,,,,,,,,,,,,,,,,,,,,,,,,,,,,,,,,,,,,,
route_20_east;Route 20 East;;;;;;;;;x,,,,,,,,,,,,,,,,,,,,,,,,,,,,,,,,,,,,,,,,,,,,,,,,,,,,,,
cumberland_trail;Cumberland Trail;;;;;;;;;x,,,,,,,,,,,,,,,,,,,,,,,,,,,,,,,,,,,,,,,,,,,,,,,,,,,,,,
trappers_trail;Trappers Trail;;;;;;;;;x,,,,,,,,,,,,,,,,,,,,,,,,,,,,,,,,,,,,,,,,,,,,,,,,,,,,,,
KING_OF_THE_ANDALS;King of the Andals;;;;;;;;;x,,,,,,,,,,,,,,,,,,,,,,,,,,,,,,,,,,,,,,,,,,,,,,,,,,,,,,
PROTECTOR_OF_THE_SEVEN_KINGDOMS;Protector of the Seven Kingdoms;;;;;;;;;x,,,,,,,,,,,,,,,,,,,,,,,,,,,,,,,,,,,,,,,,,,,,,,,,,,,,,,
KING_OF_THE_ANDALS_FOA;King of the Andals;;;;;;;;;x,,,,,,,,,,,,,,,,,,,,,,,,,,,,,,,,,,,,,,,,,,,,,,,,,,,,,,
SEVEN_KINGDOMS_OF;Seven Kingdoms;;;;;;;;;x,,,,,,,,,,,,,,,,,,,,,,,,,,,,,,,,,,,,,,,,,,,,,,,,,,,,,,
religion_feature_novelist_2;Valyrian Dragonlords;;;;;;;;;x,,,,,,,,,,,,,,,,,,,,,,,,,,,,,,,,,,,,,,,,,,,,,,,,,,,,,,
religion_feature_novelist_2_desc;Our customs from over the sea hold that we must keep our blood pure, our seed strong, and our blades sharp.;;;;;;;;;x,,,,,,,,,,,,,,,,,,,,,,,,,,,,,,,,,,,,,,,,,,,,,,,,,,,,
sun_dance_opinion;Sun Dance Opinion;;;;;;;;;x,,,,,,,,,,,,,,,,,,,,,,,,,,,,,,,,,,,,,,,,,,,,,,,,,,,,,,